감성,NULL,음식,충청북도 충주시 갱고개로 70 (교현동)
건영세탁소,043-851-6892,서비스업,충주시 대흥길 50-15 (교현동)
궁중식당,NULL,음식,충주시 예성6길 33 (교현동)
권쌤헤어스타링,NULL,서비스,"충청북도 충주시 대흥6길 31-1, 1층 (교현동)"
김현주헤어샵,043-856-4596,서비스업,충주시 삼원로 157 (교현2동)
까망댕기미용실,043-853-8890,서비스업,충주시 대가미 12길 18 (교현2동)
끼헤어클럽,043-851-8422,서비스업,충주시 대가미1길 14 (교현동)
놀부보쌈 충주점,043-848-4200,일반음식,충주시 천변로 175 (교현동)
농협은행㈜ 충주시지부,043-841-4113,소매,충주시 국원대로 100(교현동)
다두무리헤어클럽,043-855-8486,서비스업,충주시 국원대로 139 (교현동)
다예헤어갤러리,043-848-0772,서비스업,충주시 국원대로 10 8(교현동) 
대충주농산,NULL,도소매,"충주시 대현4길24, 1층 (교현2동)"
동원카센타,043-847-5981,서비스업,충주시 봉현로 244 (교현동)
드림유웨딩,043-857-7200,서비스업,충주시 예성로 259 (교현동)
림스헤어,043-842-0828,서비스업,충주시 대현5길12 (교현동)
미쉘원멀티뷰티샵&워터바,043-857-9990,소매,충주시 만리산15길 4 (교현동)
백억상회,NULL,도소매,충주시 예성7길 3-1 (교현동)
백옥생화장품충주지사,043-856-2137,도소매,"충주시 국원대로 137, 2층(교현2동)"
법무사장도원사무소,043-852-3377,서비스업,충주시 계명대로 114 (교현2동)
복지회관 이용원,043-844-6217,사회및개인서비스,충주시 예성5길 1 (교현동)
삼성화재예가 (대),043-848-6233,서비스업,충주시 국원대로 113 (교현동) 
새시대전자(한일AS),043-847-2335,서비스업,충주시 예성로 195-1 (교현동)
성심헤어샵,NULL,서비스,충주시 예성7길 5 (교현동)
성원마트,043-847-0536,소매,충주시 대가미3길 20 (교현동)
수아헤어라인,043-851-2473,서비스업,충청북도 충주시 예성로 277 (교현동)
씨티헤어뱅크,043-843-2181,서비스업,충주시 예성7길 11 (교현2동) 
아이엘스튜디오,043-854-7116,서비스업,충주시 계명대로 117 (교현동)
앙포레헤어갤러리,043-855-4540,서비스업,충주시 천변로 215 (교현동)
애플헤어샵,043-854-3227,서비스업,"충주시 대현4길 47, 1층 (교현동)"
예일사,043-847-8236,서비스업,충주시 천변로 247 (교현동)
예지장돌침대,438531296,소매,"충청북도 충주시 예성로 253, 1층 (교현동)"
오빠빨래방,043-854-5882,서비스업,"충주시 대가미3길 13, 1층 (교현2동)"
은혜미용실2,043-843-3488,서비스업,충주시 대현4길 12 (교현동)
임종헌한의원,043-856-8900,의료서비스,"충주시 예성로 279, 부강상가2층 2호 (교현동)"
장뜰노래방,043-845-5811,서비스업,"충주시 국원대로 64 (교현동, 동부빌딩)"
정인옥헤어샵,NULL,서비스,충주시 대가미11길 14 (교현동)
중국감초당한의원,043-844-0917,의료서비스,충주시 예성6길 6 (교현동)
중앙동물의료센터,043-852-8875,서비스업,충주시 국원대로 131 (교현2동)
차사랑 외형복원,043-852-9440,서비스,충주시 교현2동 540-2 
카카오포토,043-844-7777,서비스업,충주시 국원대로 123 (교현2동)
크린크린세탁소,043-852-1139,서비스,충주시 봉현로 242 (교현동)
토브헤어,043-845-3744,서비스업,충주시 예성로 267 (교현동)
포맨남성컷전문점,043-911-1914,서비스업,충주시 금릉로 110 (교현동)
한스타워나이스당구클럽,NULL,서비스업,"충주시 국원대로 107, 9층 (교현동,한스타워)"
한스타워나이스롤러파크,NULL,서비스업,"충주시 국원대로 107,한스타워2층 (교현동)"
한스타워시네마,070-7525-0037,정보통신및소매업,"충주시 국원대로 107, 5,6,7,8층 (교현동)"
해성구이,043-854-9906,음식,충주시 야현2길 2(교현동)
(자)그린항공여행사,043-847-2262,서비스업,충주시 봉현로 288 (교현동)
hair 1004,043-844-0042,서비스업,충주시 금릉로 100 (교현동)
가이미용실,010-9218-3954,서비스업,"충주시 야현2길 8, 1층 (교현동)"
강산종합식품,NULL,도소매,충주시 천변로 195 (교현동)
건강더하기헬스,NULL,서비스업,충주시 봉현로 320 (교현동)
건강미피부미용,NULL,서비스업,충주시 남산10길 19 (교현동)
건국카세차장,043-847-2103,서비스업,충주시 국원대로 83 (교현동)
건일목욕탕,043-845-2300,서비스업,충주시 남산9길 15 (교현동)
경희본한의원,043-847-8275,서비스업,충주시 예성로 194 (교현동)
계명정보통신,043-854-8011,소매,충주시 국원대로 127 (교현동)
공부방꿈트리,010-5613-8483,서비스업,"충주시 남산7길 19, 1층 (교현동)"
교현아파트입주자대표회의,043-847-6670,서비스업,"충주시 예성로 273, 1층 (교현동)"
권혜정헤어,043-852-8335,미용업,충주시 대가미12길 6-1 (교현동)
귀빈미용실,043-847-8554,서비스업,충주시 예성7길 1 (교현동)
그랜드피아노학원,043-843-3214,서비스,충주시 염밭로 98 (교현동)
그린커텐장식백화점,NULL,소매,충주시 예성로 234 (교현동)
길헤어샵,043-857-5999,서비스업,충주시 금봉8길24 (교현동)
김용수카센터,043-844-1289,서비스업,충주시 봉현로 252 (교현동)
김헤어샵,043-851-7336,서비스업,충주시 예성로 251(교현동)
까까보까,043-846-2121,서비스업,충주시 염밭로 88-1 (교현동)
까까쟁이,043-855-5557,서비스업,충주시 만리산로 28 (교현동)
꿈의탁구장,010-5276-8295,서비스업,"충주시 계명대로 130 (교현동,하나빌딩지하)"
나나헤어,043-848-1040,서비스업,"충주시 야현1길 28, 1층 (교현동)"
나다움토탈뷰티케어,NULL,서비스업,"충주시 염밭로 82, 1층 (교현동)"
나이스노래방,438425131,서비스업,충청북도 충주시 사직로 314-1 (안림동)
남산당구교실,NULL,서비스,충주시 남산14길 17 (교현동)
남산운동화빨래방,043-855-0663,서비스업,충주시 남산 14길 33 (교현동)
남양우유 충주대리점,043-911-8373,도매업,충주시 야현3길 18 (교현동)
넝쿨공인중개사사무소,043-846-2999,서비스업,충주시 사직로 281 (안림동)
네일공간,010-2445-4980,서비스업,충주시 염밭로 96 1층 101호 (교현동)
뉴모즈헤어,043-855-1777,서비스업,충주시 만리산로 24-1 (교현동)
뉴에덴미용실,NULL,서비스업,충주시 남산7길 1 (교현동)
대한논리속독 충주학원,043-855-8214,서비스업,충주시 계명대로 130 (교현동)
더데이미디어,070-8770-2683,서비스업,충주시 갱고개로 23 (교현동)
더온(카젠교현점),NULL,서비스업,충주시 천변로 24 (교현동)
더차,NULL,서비스업,충주시 국원대로 91 (교현동)
동아금방,043-851-3481,소매,충주시 예성로 251(교현동)
동아목욕탕,010-9242-0297,서비스업,충주시 봉현로 320 (교현동)
동아세탁소,043-852-4547,서비스업,충주시 봉현로 292 (교현동)
동일종합장식,043-844-8174,도소매,충주시 예성로 252-1 (교현동)
듀레베이커리 남산점,043-854-5439,음식,충주시 안림로 286 (안림동)
떠블유짐,010-4465-1500,서비스업,"충주시 국원대로 91, 2층 (교현동)"
라라크린,010-9261-0640,서비스업,"충주시 만리산15길 21-2, 102호 (교현동)"
라미뷰티,NULL,서비스업," 충주시 염밭로 102, (교현동)"
라온헤어,NULL,서비스업,"충주시 염밭로 104,1층 (교현동)"
람보헬스클럽,043-846-2445,서비스업,"충주시 천변로 261, 4층 (교현동)"
레드헤어,043-847-4858,서비스업,충주시 염밭로 84-1 (교현동)
로앤헤어,043-856-6905,서비스업,충주시 남산4길 51(교현동)
로이에스테틱,NULL,서비스업,"충주시 사직로313, 2층 (안림동)"
루시헤어샵,NULL,서비스,충주시 사직로 283 (안림동)
마녀가탄빗자루,043-846-5655,서비스업 ,충주시 여수월1길 15 (교현동)
마이헤어드레서,NULL,서비스업,충주시 염밭로 102 (교현동)
맛조은김밥,043-846-7123,일반음식,충주시 예성 7실 4 (교현동)
매직칼라,NULL,서비스업,"충주시 봉현로 367, 103호 (안림동,안림엘에이치상가)"
맥스터디카페,NULL,서비스업,"충주시 봉현로 348-2, 2층 (교현동)"
머리사랑,043-857-4657,서비스업,충주시 만리산 15길 13-1 (교현동)
머리애봄헤어샵,043-848-1739,서비스업,"충주시 봉현로 286, 1층 (교현동)"
명인미용실,043-844-1629,서비스,충주시 예성11길 8 (교현동)
모아헤어클리닉,043-842-3421,서비스업,충주시 남산4길 53 (교현동) 
모유사랑,010-4870-7941,서비스업,"충주시 천변로 235-5, 2층 (교현동)"
미래공인중개사사무소,043-845-4040,부동산,충주시 봉현로 292 (교현동)
미소공인중개사,043-846-4589,부동산중개업,"충주시 만리산10길 28 (안림동, 엘지@상가동103호)"
미용실엘,043-852-2279,서비스업,"충주시 야현10길 4-7, 1층 (교현동)"
미장원,043-856-3505,서비스업,충주시 만리산15길28 (교현동)
바로헤어클럽,043-852-1627,서비스업,충주시 남산9길 23 (교현동)
박미선미용실,043-845-1605,서비스업,충주시 신호2길2 (교현동)
백성흠정형외과,043-855-0507,보건업,충주시 안림로 50 (안림동)
백옥사,NULL,서비스업,"충주시 남산9길 15 (교현동,건일상가)"
변호사박종엽법률사무소,043-910-5735,서비스업,"충주시 계명대로 116, 2층 (교현동)"
병삼환경,NULL,서비스업,충주시 금봉대로 369 (교현동)
보드미동물병원,043-843-0075,보건업,충주시 국원대로 108 (교현동)
보람세탁소,NULL,서비스업,충주시 만리산15길28 (교현동)
보해미안,043-847-9696,서비스업,"충주시 신호4길 31, 1층 (교현동)"
부창상사,NULL,도소매, 충주시 국원대로 61 (교현동)
블럭아이,010-8844-6691,서비스업,충주시 염밭로 96-1 (교현동)
비타민약국,844-2836,소매,충주시 사직로 281 (안림동)
상무크리닝,043-842-5471,서비스업,충주시 삼원로 183 (교현동)
생명살림터올리,043-848-3240,소매,"충주시 천변로 163, 2층 (교현동)"
샤랄랄라키즈카페,043-855-1338,서비스업,"충주시 봉현로 328, 2층 (교현동)"
샹떼PC방 충주교현점,NULL,서비스업,"충주시 갱고개로 69, 2층전체 (교현동)"
서울떡방앗간,043-842-8859,제조,충주시 만리산로 21 (교현동)
서울유통㈜,043-844-9002,도매업,충주시 갱고개로 92 (교현동)
서윤스킨,043-851-2777,서비스업,"충주시 금봉8길24, 2층 (교현동)"
선양상회,043-852-3256,도소매,충주시 예성로 246 (교현동)
성남e-해법수학교습소,043-853-1634,서비스업,"충주시 금봉8길 20, 105호 (교현동)"
세븐짐,043-842-1173,서비스업,"충주시 신호3길 34, 누리마트 203호 (교현동)"
손헤어아트,043-854-8788,서비스,충주시 봉현로 295 (교현동)
송'S헤어라인,043-842-8999,서비스업,"충주시 금봉8길 20, 102호 (교현동)"
수도누수공사,043-853-8272,서비스업,충주시 만리산4길 8 (교현동)
수재노래연습장,NULL,서비스업,"충주시 갱고개로 70, 2층 (교현동)"
숨결헤어샵,043-857-1466,서비스업,"충주시 만리산9길 53, 108호"
쉼터,NULL,음식,충주시 국원대로 70(교현동)
스피드카,NULL,서비스업,충주시 계명대로 85 (교현동)
신데렐라헤어,NULL,서비스,충주시 야현2길 8 (교현동)
신라세차장,043-847-4423,서비스업,충주시 국원대로 99 (교현동)
신흥상사,043-842-5723,도매업,충주시 봉현로 228 (교현동)
씨디쥐오일샵,043-855-5149,서비스업,충주시 금봉대로 366 (교현동)
씨크릿네일,NULL,서비스업,"충주시 교동14길 4, 1층 (교현동)"
아름목욕탕,043-847-1506,서비스업,충주시 예성로 256 (교현동) 
아름헤어샵,043-847-9598,서비스업,충주시 천변로 289 (교현동)
안나가죽공방,010-6355-3032,서비스업,"충주시 남산4길 35, 203동 401호 (교현동)"
애니붐만화교습소,043-855-3556,서비스업,"충주시 교동15길 9-7, 2층 (교현동)"
어느가게,NULL,도소매,충주시 예성로 228 (교현동)
언니의작업실,NULL,서비스업,충주시 대현6길 25 (교현동)
에끌라두 충주안림점,043-845-1373,서비스업,"충주시 만리산11길 20, 103호 (안림동)"
에스케이스피드메이트연수점,043-848-5930,서비스업,충주시 갱고개로 96 (교현동)
엘지공인중개사사무소,043-848-3737,부동산중개업,"충주시 만리산10길 28 (안림동, 엘지@상가동102호)"
엘지미용실,NULL,서비스업,"충주시 금봉대로 397, 엘지아파트상가 106호 (안림동)"
엘지컴퓨터크리닝,043-845-0845,서비스업,충주시 만리산10길28 (안림동)
여진헤어,NULL,서비스업,"충주시 만리산10길28, 110호 (안림동,안림LG아파트상가)"
연두밭미술학원,043-842-2356,서비스업,충주시 국원대로 137 (교현동)
예쁘개앤사랑스럽개,043-855-4545,서비스업,"충주시 예성로 232, 102호 (교현동)"
예쁘다헤어,043-854-4828,서비스업,"충주시 봉현로 338, 1층 (교현동)"
오리지날매트리스,043-854-0180,도소매,충주시 안림로 6 (안림동)
오케이전자,043-855-3695,서비스업,충주시 칠금18길10 (교현동)
오헤어,043-856-5880,서비스업,"충주시 만리산13길3, 1층 (교현동)"
온유음악학원,043-855-3636,서비스업,충주시 남산10길9 (교현동)
용인대해천GYM,043-847-2069,서비스업,충주시 사직로 264 (교현동)
우리카공업사(남산점),043-848-1204,서비스업,충주시 등촌7길 21 (교현동)
워시엔조이 셀프빨래방 충주교현점,010-8675-2015,서비스업,"충주시 금성2길 19, 1층 (교현동) 1층 "
워시엔조이 셀프빨래방 충주용산점,010-2859-0214,서비스업,"충주시 남산7길 11, 1층 (교현동)"
월드체육관,043-845-2421,서비스업,충주시 봉현로 184 (교현동)
월악보험대리점,NULL,서비스업,"충주시 국원대로 113, 3층 (교현동)"
웰빙옷수선,043-854-2169,서비스업,충주시 갱고개로 12-1 (교현동)
위드윤,043-853-4772,서비스업,충주시 염밭로 82-1 (교현동)
유나헤어,NULL,서비스업,"충주시 교동5길 47, 1층 (교현동)"
은빛헤어샵,043-845-3569,서비스업,충주시 교현동 509-7
은하스킨케어,043-910-8090,서비스업,충주시 염밭로 84 (교현동)
을지관우리도장,043-855-4717,서비스업,"충주시 남산14길5, 2층 (교현동)"
이광세치과의원,NULL,보건업,충주시 봉현로 355 (안림동)
이수연미용실,NULL,서비스업,충주시 칠금18길 6 (교현동)
이엘(EL)헤어,NULL,서비스업,충주시 만리산로2 (교현동)
이화입시학원,NULL,서비스업,충주시 봉현로 276 (교현동)
익스트림피씨방,043-844-6024,서비스업,"충주시 국원대로 78, B1층 (교현동)"
일광자동차정비공업사,043-843-0432,서비스업,충주시 안림로 54 (안림동)
일등누수탐지,NULL,서비스업,충주시 남산12길 21 (교현동)
일등아이네트학원,043-848-1896,서비스업,충주시 교동13길 1 (교현동)
작은나무치과의원,043-847-7705,의료서비스,"충주시 사직로 283, 2층 (안림동)"
장정형외과의원,"043-848-0693,4",보건업,충주시 천변로 171 (교현동)
정아미용실,043-855-4090,서비스업,충주시 만리산 15길 28 (교현동)
정은숙헤어크리닉,043-843-3820,서비스업,충주시 남산10길 13 (교현동) 
제시카헤어살롱,NULL,서비스,"충주시 봉현로 355, 109호 (안림동)"
제이앤제이머리염색전문점,043-854-3222,서비스업,충주시 갱고개로 2 (교현동)
제이앤제이염색전문점,010-5833-2669,서비스업,"충주시 갱고개로 2, 1층 (교현동)"
제이에스컴퍼니,043-848-3355,도소매,충주시 계명대로 138 (교현동)
제이엠(JM)헤어,438420042,서비스,충청북도 충주시 남산14길 6 (교현동)
죠이건강랜드,043-848-7114,서비스업,충주시 금봉대로 378 (교현동)
주식회사 에이원파트너스,070-8614-3515,서비스업,충주시 천변로 287-2 (교현동)
주식회사 엔젤,043-854-8004,서비스업,충주시 약막7길 44-11 (안림동)
㈜조양자동차운전전문학원,043-853-5801,서비스업,충주시 샘골길26 (안림동)
㈜조운,043-843-5858,서비스업,충주시 금봉대로 424 (안림동)
중부제일의원,043-853-8275,보건업,"충주시 사직로 281, 2층 (안림동)"
중앙검정고시학원,043-852-9775,서비스업,충주시 봉현로 213 (교현동)
중앙엔지니어링,043-857-9028,서비스업,"충주시 예성4길 29, 1층(교현동)"
중원당구클럽,043-855-5844,서비스업,"충주시 만리산10길 28, 상가동 지하층 (안림동,안림엘지아파트)"
쭉쭉빵빵헤어클럽,043-847-8758,서비스업,충주시 봉현로 213 (교현동)
참조은클리닝,043-853-5858,서비스업,충주시 천변로 311 1층 (교현동)
천일탕,043-845-5525,서비스업,"충주시 예성1길5, 1층 (교현동)"
청아미용실,043-845-2414,서비스업,충주시 예성로 275 (교현동)
체인지헤어,043-843-9927,서비스업,"충주시 남산 12길 21, 1층 (교현동)"
초코헤어,043-845-0337,서비스업,충주시 광명2길 6-1소현빌(교현동)
충일상회,043-847-8403,도소매,충주시 천변로 293-1(교현동)
충일이용원,043-847-7251,서비스업,충주시 동촌5길 5 (교현동)
충주 하수구 달인,NULL,서비스,충주시 야현9길 8 (교현동)
충주노인주야간보호센터,043-852-0688,의료보건업,충주시 만리산15길 8 (교현동)
충주누비방,NULL,서비스,충주시 갱고개로 35-1 (교현동)
충주시설관리공단,043-870-7861,서비스업,충주시 목벌길 256 (목벌동 하늘나라)
충주와이더블유씨에이산모신생아도우미제공기관,043-842-1929,서비스업,"충주시 천변로 163, 2층 (교현동)"
충주요양원,043-848-0191,의료보건업,"충주시 만리산 15길 8, 4층 (교현동)"
충주의료원,043-871-0441,서비스업,충주시 안림로 239-50 (안림동)
충주지역자활센타,043-855-2800,서비스업,"충주시 예성로 208, 4층 (교현동)"
충주축산업협동조합,043-847-1506,서비스업,충주시 예성로 256 (교현동)
충주축산업협동조합 하나로마트안림점,043-851-7570,도소매,충주시 금봉대로 366-1 (교현동)
충주치매전문요양원,043-853-0688,의료보건업,"충주시 만리산15길 8, 3층  (교현동)"
충주컨벤션센터웨딩홀,043-854-7777,서비스업,충주시 봉현로 296 (교현동)
충주헬스,NULL,서비스업,충주시 염밭로 114 (교현동)
카라헤어,NULL,서비스업,"충주시 금봉대로 421, 1층 (안림동)"
카페319,NULL,서비스업,충주시 목벌안길 26 (목벌동)
캐렌시아헤어,010-2466-7739,서비스업,충주시 천변로 299-1 (교현동)
코리아칼라테크,043-844-1942,서비스업,충주시 천변로 289 (교현동)
코콤충주센터,0507-1344-3258,서비스업,"충주시 대흥5길 7, 303호(교현동)"
퀸즈헤어샵,043-851-5155,서비스,충주시 안림로 13 (안림동)
크로스핏아일린,NULL,서비스업,"충주시 국원대로 97, 1층 (교현동)"
크린시아교현안림점,043-852-0852,서비스업,"충주시 봉현로 355, 102호 (안림동)"
큰맘할매순대국,NULL,서비스업,"충주시 봉현로 366, 201호 (안림동)"
클라비어음악학원,043-855-3990,서비스,충주시 금봉8길 32(교현동)
탑골프스크린,043-855-3379,서비스업,"충주시 국원대로 64, 5층 (교현동)"
탑당구클럽,NULL,서비스업,"충주시 봉현로 320, 2층 2호 (교현동)"
톡톡(TOKTOK)헤어,NULL,서비스업,"충주시 금봉대로 425, B105호 (안림동)"
파랑머리방,043-857-4160,서비스업,충주시 남산4길 56 (교현동)
팜팜헤어,303-07-17700,서비스업,"충주시 만리산9길 53, 8동 102호 (교현동)"
팝스토어,NULL,소매,충청북도 충주시 안림로 150 (안림동)
퓨전한정식뜰안채,438483351,음식,충청북도 충주시 교현동 108-5
프로세탁소,NULL,서비스업,충주시 사직로 267 (교현동)
피알광고시대,043-851-1129,광고업,충주시 갱고개로 76 (교현동)
하나기획,NULL,서비스업,"충주시 만리산9길 42, 102동 203호 (교현동,스카이뷰)"
하나스크린,043-855-6900,서비스업,"충주시 안림로 13, 나동 (안림동)"
하나카정비프라자,043-854-5185,서비스업,충주시 국원대로 95-3 (교현동)
하나헬스,043-851-1101,서비스업,충주시 계명대로 130 (교현동)
한국지엠충주바로서비스,043-843-0927,서비스업,충주시 봉현로 278 (교현동)
한마음의원,043-846-7533,의료서비스,충주시 만리산로 22 (교현동)
한스타워나이스펍볼링장,043-857-8185,서비스업,"충주시 국원대로 107, 3층 (교현동)"
한쓰헤어,043-855-9812,서비스,"충청북도 충주시 월촌5길 19, 1층 102호 (교현동)"
한양세탁소,NULL,서비스업,충주시 남산7길 16 (교현동)
할무니칼국수,043-857-0812,음식,"충주시 예성9길 11, 1층 (교현동)"
합자회사남양써비스,043-843-8158,서비스업,"충주시 천변로 261, 6층 (교현동)"
해랑당구장,NULL,서비스업,충주시 안림로 224 (안림동)
해송회포차,438437774,일반음식,충청북도 충주시 갱고개로 89 (교현동)
해피맘,043-851-1991,서비스업,충주시 야현1길 20 (교현동)
해피크린,NULL,서비스업,충주시 형설로 186 (교현동)
헤어스타일챌,NULL,서비스업,"충주시 봉현로 366, 상가동 207호 (안림동,충주2차푸르지오)"
헤어클럽아이비,043-852-3875,서비스업,충주시 야현7길 1 (교현동)
현헤어,043-847-5664,서비스업,"충주시 봉현로 366, 상가 108호 (안림동)"
형제자전거,043-843-1845,서비스업,충주시 천변로 281-1 (교현동)
호박노래연습장,438570932,서비스업,"충청북도 충주시 봉현로 355, 지하층 (안림동)"
홍익요가연구원,043-843-2320,서비스,"충주시 계명대로 115, 지하층 1호 (교현동)"
화이트세탁소,043-855-9154,서비스업,충주시 만리산10길 8 (안림동)
화이트운동화빨래방,043-847-8289,서비스업,충주시 금릉로 76 (교현동)
활옥관광농원,043-854-0504,서비스업,충주시 목벌안길 26 (목벌동)
휴피부관리실,043-842-9920,서비스업,"충주시 천변로 309-2, 1층 (교현동)"
희망카랜드정비공업사,043-848-1309,서비스업,충주시 천변로 299-2 (교현동)
최경아헤어샵,043-857-9628,서비스업,"충주시 남산9길 15, 가동 117호 (교현동)"
길가집,043-855-1919,음식,충주시 금가면 충원대로 1527 (1-4호)
도촌권역운영위원회,043-848-7774,서비스업,충주시 금가면 강수로 351-17
비에이치씨(bhc)19 비공군점,043-848-9249,음식,"충주시 금가면 보라매로 162-2, 1층 (은하아파트)"
성운유통,NULL,도매업,충주시 금가면 김생로 455
슈슈네농장,043-855-0399,농업,충주시 금가면 도촌리 435(금가면)
시프트정보기술,043-855-2005,서비스업,충주시 금가면 기곡 1길 28
싱그런농장,043-845-8044,농업,충주시 금가면 마사3길 39-19
엄뽕,043-852-4880,음식,충주시 금가면 경촌1길 347 1층
에이치씨모터스,043-845-4820,서비스업,충주시 금가면 금가중앙1길 163-1
예덕주유소,043-855-5180,도소매,충주시 금가면 충원대로 1507
예전카센타,043-851-8290,서비스업,충주시 금가면 사임리 689
예진카센타,043-851-8290,서비스업,충주시 금가면 사암리 689
일광집,043-853-7265,음식,충주시 금가면 충원대로 1383
재미있는달콤이농장,NULL,농업,충주시 금가면 문곡길 44-21
중원농협협동조합 금가지점,043-853-8161,금융업,충주시 금가면 강수로 351-7
충북원예농협거점APC,043-855-4100,도소매,충청북도 충주시 금가면 금가중앙2길 1-22 (금가면)
팜친환경영농조합법인,043-842-6235,도소매,충청북도 충주시 금가면 오미기2길 81
한국영농조합중원,NULL,농업,충주시 금가면 금가북길 220
효진천하이불,043-845-5881,도매업,충주시 금가면 충원대로 1415
금강센테리움㈜,043-849-7000,서비스업,충주시 노은면 솔개로 750
뉴서울미용실,NULL,서비스업,"충주시 노은면 연하중앙길 33, (다동)"
대덕낚시터,NULL,서비스업,충주시 노은면 대덕길 165 
리을농산,NULL,농업,충주시 노은면 갑노로 878
문성레져개발㈜ 동촌골프클럽,043-722-0707,서비스업,충주시 노은면 감노로 1927 (동촌골프클럽)
부강슈퍼철물,043-853-9066,도소매,충주시 노은면 대덕길 2(노은면)
상은자동차공업사,043-853-9599,서비스업,충주시 노은면 상신대길 4-1
행운주유소,043-857-0038,도소매,충주시 노은면 감노로 1930
강변미용실,043-852-7294,서비스업,충주시 하품2길 52 (풍동)
건국대구내안경원,043-840-3913,소매,"충주시 충원대로 268, (단월동)"
"건대(이불,운동화)세탁전문점",NULL,서비스업,"충주시 충원대로 268, 105호 (단월동)"
기연산업,043-252-4863,부동산,"충주시 창현로 1238, 1층(달천동)"
꼬꼬야,070-4415-2800,음식점,충주시 충열4길 5-1 (단월동)
대광상회,043-853-3543,서비스업,충주시 상용두2길 1 (용두동)
대동상사,438482100,도소매,충청북도 충주시 중원대로 3651 (달천동)
대한종합상사,043-857-8900,도소매,충주시 중원대로 3863 (용두동)
두담태양광 발전소,043-853-3724,전기및도소매업,충주시 두담6길 21-1 (용관동)
롯데시네마충주관,043-724-0786,서비스업,"충주시 중원대로 3683, 4층 (달천동)"
마이꼴밴드노래연습장,438573636,서비스,충청북도 충주시 충열4길 3 (단월동)
세이프티팩토리,043-846-0337,서비스업,충주시 두담6길 10 (용관동)
에스제이(SJ)배드민턴센터,NULL,서비스업,충주시 산정관산길 35(용관동)
왕가네미용(건대점),043-853-2338,서비스업,"충주시 충원대로 242, 나동 (단월동,케이티지오빌)"
용인이용원,NULL,서비스업,충주시 상용두2길 3-1 (용두동) 
우진상사,043-856-6833,도소매,충주시 창현로 1444 (용관동)
일미닭갈비파전건국대점,043-856-3285,음식점,충주시 충열2길 19 (단월동)
주식회사 삼원스틸,043-848-6534,도소매,충주시 상용두3길 56(용두동)
중원자동차공업사㈜,043-848-0051,서비스업,충주시 송림길 11 (달천동)
충주골프연습장,043-856-0600,서비스,충주시 모시래길 54-22(단월동)
충주공업사,043-856-6044,서비스업,충주시 중원대로 3752-2 (용두동)
충주시농업기술센터(중부농기계임대사업장),043-850-3237,임대업,충주시 창현로 1239 (용관동)
충주시설관리공단,043-870-7850,서비스업,충주시 모시래길 105 장애인형 국민체육센터 (단월동)
충주중장비직업전문학교,043-845-8900,서비스업,충주시 충원대로 27 (단월동)
충주축협사료사업소,043-856-5206,도매업,충주시 하풍1길 21 (풍동)
태권치킨건대점,NULL,음식,충주시 충열5길 11 (단월동)
피씨아집트카페,NULL,서비스업,충주시 충열5길 22 (단월동)
13스시,043-848-0083,음식,충주시 대소원면 첨단산업9로 13
3030영어첨단러닝센터,043-842-3004,서비스업,"충주시 대소원면 첨단산업2로 42, 101동 102호 "
가마치교통대점,043-845-9515,음식,충주시 대소원면 대학로 19
경인타이어총판,043-844-4944,도소매,충주시 대소원면 웃말길 30
그리다뷰티,NULL,서비스업,"충주시 대소원면 쇠실로 1023, 1층"
너두나두헤어,NULL,서비스업,"충주시 대소원면 첨단쉼터2길17, 103호"
넘버원 세탁,NULL,서비스업,"충주시 대소원면 첨단산업2로 41, 104호 (서충주오드카운티)"
"노리노리(진천,충주점)",010-6629-8327,서비스업,"충주시 대소원면 첨단산업2로 41, 103동103호"
대소원당구장,NULL,스포츠업,충주시 대소원면 쇠실로 1024
대소원카공업사,043-846-1048,서비스업,충주시 대소원면 첨단쉼터3길 2-12
대영베이스컨트리클럽,043-850-8600,서비스업,충주시 대소원면 성종두담길 113
대영힐스컨트리클럽,043-850-8600,서비스업,충주시 대소원면 성종두담길 114
두꺼비순대국,NULL,음식, 충주시 대소원면 대학로 7
디알더칼라,NULL,서비스,"충주시 대소원면 첨단산업4로 24, 상가동401호"
명랑핫도그 교통대점,070-4145-7982,음식,충주시 대소원면 용두제방길 4
미미분식 교통대점,NULL,일반,충주시 대소원면 대학로19
민현콜세탁크리닝,NULL,서비스업,충주시 대소원면 대소원로 108 (대소원면)
백조세탁소,043-842-0268,서비스업,충주시 대소원면 대학로 11
사자머리헤어클럽,043-853-5567,서비스업,충주시 대소원면 만정리 대학로 10 
살롱드블루문,NULL,서비스업,"충주시 대소원면 첨단쉼터7길 46-7, 101호"
서울원치과의원,043-846-7511,보건업,"충주시 대소원면 첨단산업4로 13, 2층"
서충주모터스,043-855-5500,서비스업,"충주시 대소원면 첨단산업1로 72, 다동 101호"
서충주와이지복싱,NULL,체육도장업,"충주시 대소원면 첨단산업4로 31, 2층"
서충주자동차공업사,043-853-5592,서비스업,충청북도 충주시 대소원면 산정독정길 184 (대소원면)
소망자동차정비,043-857-7733,서비스업,충주시 대소원면 대소원1길 91
썬락볼링장,NULL,서비스업,"충주시 대소원면 첨단산업1로74, 301호"
썬볼링프라자,043-848-2750,서비스업,충주시 대소원면 첨단산업1로 74
알유네일,010-8408-4491,서비스업,"충주시 대소원면 첨단산업5로 11, 202호"
에스비상사(SB상사),1522-8176,도소매,"충주시 대소원면 첨단쉼터1길 22, 201호(드림빌) "
올탑스터디카페(충주교통대점),NULL,서비스업,"충주시 대소원면 대학로 27, 3층"
우리들외과의원,043-851-6004,의료서비스,충주시 대소원면 쇠실로 1016 (대소원면)
워시팡팡 셀프빨래방 충주교통대점,010-9428-5567,서비스업,"충주시 대소원면 대학로 23, 101호"
이마트24 충주지웰점,043-846-1255,도소매,충주시 대소원면 첨단산업2로 42
일미닭갈비파전,043-853-3212,음식,충주시 대소원면 대학로 6
주덕지앤비어학원,043-845-6919,서비스업,"충주시 대소원면 첨단산업4로 53, 2층"
주식회사 기찬테크,043-857-6556,도소매,충주시 대소원면 대학로 10 
㈜중앙자동차운전전문학원,043-853-1601,서비스업,충주시 대소원면 완오신촌길 12
줌카(zoom car),043-847-5992,도소매,충주시 대소원면 첨단쉼터1길 
진헤어토탈샵,NULL,서비스업,충주시 대소원면 본리 864
질러노래방,010-9418-4978,서비스업,충주시 대소원면 대학로 24
질러노래연습장,NULL,서비스업,충주시 대소원면 대학로 24
충주시농업기술센터(서부농기계임대사업장),043-850-3238,임대업,충주시 대소원면 화곡1길 30-29
충주시설관리공단,043-870-7960,서비스업,충주시 성종두담길 21 (대소원면 환경체육센터)
충주환경체육센터매점,NULL,소매,충청북도 충주시 대소원면 성종두담길 21 (대소원면)
카메니악,NULL,서비스업,"충주시대소원면첨단산업1로 74, 103호"
쿠루헤어,043-855-3770,서비스업,충주시 대소원면 첨단산업4로 27
타임(Thyme),NULL,음식,"충주시 대소원면 성종두담길 232, 다동 2층"
파리바게뜨서충주농협점,NULL,음식,충주시 대소원면 중원대로 3930
피카소노래연습장,438527959,서비스업,충청북도 충주시 대소원면 첨단산업1로 75 (대소원면) 
한빛태권도장,043-855-1774,서비스업,"충주시 대소원면 첨단산업4로 51, 2층"
광성합동상사,043-853-3303,도매업,충주시 동량면 김생로 71
남강수산,NULL,도매업,충주시 동량면 달미3길 3
대성슈퍼,043-851-1996,소매,충주시 동량면 조동리 1262-1
마그실농원,NULL,농업,충주시 동량면 화암마그실길 221
모래내짬뽕,043-847-8288,서비스업,"충주시 동량면 사천상동1길 17, 1층"
소담뜰,NULL,음식,충주시 동량면 김생로 63
소소가,NULL,일반음식,"충주시 동량면 동산로 345-23, 1층"
오케이 종합가스,NULL,서비스업,충주시 동량면 호반로3-28
우리미용실,043-857-4007,서비스업,충주시 동량면 지등로 4
윤슬,NULL,서비스업,"충주시 동량면 조동1길 76, 2층"
중원농업협동조합,043-841-2818,금융업,충주시 동량면 조동1길 70 (동량면)
중원농협주유소,043-851-5182,소매,충주시 충원대로 1317
착한맛집,043-856-6500,음식,충주시 동량면 조동1길 60
충주볼빨간딸기,010-2357-7341,농업,충주시 동량면 용대문화2길 142-26
혜광의료재단 충주시노인전문병원,043-855-9393,의료서비스,충주시 동량면 충원대로 1398 (동량면)
문화유통,438531032,소매, 충청북도 충주시 행정13길 2-1 (목행동)
가나,043-847-0113,서비스업,충주시 행정13길 18 (목행동)
강촌해장국,438513032,음식,"충청북도 충주시 목행산단5로 97, 나동 (목행동)"
경동상회,043-853-2399,도매업,충주시 목행산단7로 24 (목행동)
경오상회,NULL,도매업,충주시 목행산단5로 54 (목행동)
계명상회,043-853-5989,도매업,충주시 목행산단7로 24 (목행동)
고추랑식품,043-853-6055,제조,충주시 목행산단7로 24 (목행동)
광석청과,043-853-3500,도매,충주시 목행산단5로 54 (목행동)
괴산상회,NULL,도매업,충주시 목행산단 5로 54 (목행동)
구가네 양평해장국,043-853-9296,음식,충주시 행정11길 15-1(목행동)
그림숲미술교습소,NULL,서비스업,충주시 목행산단4로 11 (목행동)
뉴헤어뱅크,NULL,서비스업, 충주시 목행산단3로 13-6 (목행동)
다사랑생생즙,043-911-8285,제조,충주시 행정9길 19 (목행동)
대풍전자,043-853-1535,서비스업,충주시 행정 8길 31-1 (목행동)
대하유통,043-853-6959,도매업,충주시 목행산단5로 54 (목행동) 
만석골,043-848-8150,음식,"충주시 충주산단1로 146-2, 1층 (용탄동)"
목행당구장,043-848-0909,서비스업,충주시 행정9길 26-1 2층 (목행동)
목행세차장,043-847-2600,서비스업,충주시 행정14길6 (목행동)
목행세탁소,043-853-0633,서비스,충주시 행정9길 28(목행동)
목행자동차병원,043-853-8188,서비스업,충주시 행정14길 16(목행동)
목행카공업사,NULL,서비스업,충주시 충원대로 986(목행동)
목행크린크린빨래방,043-853-2073,서비스업,충주시 행정11길19 (목행동)
목행타이어,043-853-4692,서비스업,충주시 행정3길 34 (목행동)
목행한의원,043-845-0107,보건업,충주시 행정5길 22
"무진파크,목욕탕",043-853-2582,서비스업,충주시 행정11길 35 (목행동) 
바느질공방,010-7130-7393,서비스업,충주시 행정6길 2 (목행동) 
바이올렛헤어,NULL,서비스업,"충주시 행정 1길 8,10호 영무예다음2단지상가(목행동)"
브레인움흑룡태권도,043-845-2323,서비스업,충주시 목행산단3로 13-6 (목행동)
빨강머리,043-853-0922,서비스업,"충주시 목행산단3로 13-7 (목행동,새한아파트상가 202호 )"
삼일상회,043-853-9438,도매업,충주시 목행산단5로 54 (목행동)
서울우유충주고객센터,043-842-6626,도매업,충주시 목행산단5로 37-12(목행동)
세영상회,043-853-7531,도매업,충주시 목행산단 5로 70 (목행동)
송문정뷰티헤어샵,043-853-1052,서비스업,충주시 행정10길 34 593-8 (목행동 삼진동산@상가)
시장카쎈타,043-853-3341,서비스,충주시 목행산단7로 24 A동 110호
신밧드갤러리 충주점,043-852-9985,도소매,충주시 목행산단2로 90 (목행동)
신생청과,043-853-8959,도매업,충주시 목행산단5로 54 (목행동) 
신풍상회,043-853-5323,도매업,"충주시 목행산단7로 24, 제엘-103 (목행동)"
쌍용자동차북충주서비스프라자,NULL,서비스업,충주시 국원대로 405 (목행동)
씨제이종합유통,043-851-3101,도매업,충주시 목행산단5로 70 (목행동)
양지상회,043-853-7703,도매,"충주시 목행산단7로 24, 청과조합E-102(목행동)"
엘유잉글리쉬교습소,NULL,서비스업,"충주시 목행산단3로 13-7, 새한아파트상가 201-1"
여성시대미용실,NULL,서비스업, 충주시 행정9길 34 (목행동)
연세수의원,043-855-4617,보건업,충주시 행정13길 7(목행동)
열린농산,NULL,도소매,충주시 목행산단7로 24(목행동)
"영광장례식장, 식당",043-845-4444,서비스업,충주시 두루봉길 8 (목행동)
예뻐질래,043-857-5352,서비스업,충주시 행정9길 30 (목행동)
오뚜기에너지,043-853-1001,서비스업,충주시 충원대로 1020 (목행동)
원주상회,NULL,도매업,충주시 목행동 526-29
월악당구클럽,043-855-4939,서비스업,"충주시 행정13길 8, 2층 (목행동)"
은혜청과,043-853-9979,도매업,충주시 목행산단5로 54 (목행동) 
일억유통,043-853-7825,도매업,충주시 목행산단5로 70 (목행동)
일조상회,043-853-6313,도매업,충주시 목행산단7로 24 (목행동)
일하나청과,043-853-8292,도매업,충주시 목행산단5로 54 (목행동)
장가네식당,043-853-3020,음식,충주시 목행산단7로 24 A동 109호
정성을다헤어,043-843-3339,서비스업,"충주시 행정2길 6, 상가동 101호 (목행동)"
제이엠모터스,043-854-8850,서비스업,충주시 목행산단5로 47-5 (목행동)
조은떡방앗간,043-854-5566,제조,충주시 행정9길 26-1(목행동)
조은운동화빨래방,043-845-1113,서비스업,충주시 거룡13길 18
종가집,043-851-5251,소매,"충주시 목행산단7로 24 (목행동, k동 102호, 103호 2층  202.203호)"
㈜목행청과,043-853-6308,도매업,충주시 목행산단5로 54 (목행동)
진미청과,043-852-2747,중도매업,충주시 목행산단5로 54 (목행동)
충일의원,043-853-2484,의료서비스,충주시 행정11길 40 (목행동)
"충주낚시,슈퍼",043-848-1719,도소매,충주시 중원대로 928
충주민속주,043-857-0956,도매업,충주시 목행산단5로 41 (목행동)
충주청과,043-853-6036,도매업,충주시 목행산단5로 54 (목행동)
치즈바다카페테리아(cafeteria),NULL,음식,충주시 행정8길 11 (목행동)
퀸즈헤어,043-857-1311,서비스업,충주시 목행산단4로 11 (목행동)
클래식피아노학원,043-852-3402,서비스,"충청북도 충주시 목행산단3로 13-6, 202호 (목행동, 세중참사랑아파트 상가)"
한국지엠충주서비스센터㈜,043-845-8255,서비스업,충주시 목행산단2로 105 (목행동)
한아름청과,043-854-4677,도매업,충주시 목행산단5로 54 (목행동)
헤어파티미용실,NULL,서비스,충주시 행정10길 17 (목행동)
현대공업사,043-843-8500,서비스업,충주시 충주호수로 59 (목행동)
현대유통,043-853-6461,도매업,충주시 목행산단 5로 54 (목행동)
현대헤어샵,043-857-3928,서비스업, 충주시 행정9길 31 (목행동)
황금알농원,NULL,농업,충주시 서흥1길 45-12 (목행동)
(주)힐링투어,NULL,서비스업,충주시 중원대로 3420 (문화동)
가나미용실,043-842-0405,서비스업,충주시 사직산1길 11-2 (문화동)
경화세차장,043-854-5211,서비스업,충주시 중원대로 3471 (문화동)
광장사진관,NULL,서비스업,충주시 탄금대로 34 (문화동)
궁전만화휴게실,043-854-8203,서비스업,"충주시 중앙로 35, 3층 (문화동)"
김샘영어교습소,043-851-6822,서비스업,충주시 중원대로 3389 (문화동)
김인숙헤어뱅크,043-846-6515,서비스업,충주시 성터 3길 33 (문화동)
내가본사진관,043-852-5678,서비스업,충주시 빙현천변1길 39 (문화동)
노블레스스튜디오,NULL,서비스업,"충주시 성터5길 20, 2층 (문화동)"
다미안의원,043-847-2830,보건업,충주시 중원대로 3426 (문화동)
다빈헤어샵,NULL,서비스,"충주시 중원대로 3393, 1층 (문화동)"
달래식육점,043-844-5581,소매,충주시 사직로 157 (문화동)
대도세차장,043-852-2480,서비스업,충주시 대림9길 48 (문화동)
대원컴퓨터,043-857-1020,도소매,충주시 사직로 76 (문화동)
대흥주유소,043-847-1700,소매,충주시 중원대로 3471 (문화동)
돈가마니막창,043-855-7977,음식,충주시 사직산6길 1 (문화동)
돼지다방,043-855-0770,음식,충주시 탄금대로 19(문화동)
두쏠헤어충주이마트점,NULL,서비스업,"충주시 중원대로 3420, 3층 (문화동,이마트)"
디에스헤어,NULL,서비스업,"충주시 성터7길 19, 1층 (문화동)"
따뜻한사람들 돌침대,043-848-2573,도소매,충주시 중원대로 3401 (문화동)
라디앙헤어클릭,043-847-0575,서비스업,충주시 사직로 115 (문화동)
럭키컴퓨터세탁소,043-847-1586,서비스업,충주시 중원대로 3458 (문화동)
로얄미용실,043-842-5624,서비스업,충주시 중원대로 3389 (문화동)
로얄피아노과외교습소,043-851-4535,서비스,충주시 성터8길 5 (문화동)  
롯데노래연습장,NULL,서비스, 충주시 중원대로 3461 (문화동)
마플아미아,043-856-4947,서비스업,충주시 중원대로 3420 (문화동)
머리염색전문점,043-845-5433,서비스업,충주시 탄금대로 9 (문화동)
메리퀀 양모전문브랜드,043-848-6427,소매,충주시 중앙로 22 (문화동)
메이저,043-856-3800,서비스업,충주시 사직로 7 (문화동)
멧돌식당,043-844-1624,음식,충주시 사직로 131-2(문화동)
명산종합견재,043-847-3950,소매,충주시 대림6길 5(문화동)
목민정한의원,043-853-1075,보건업," 충주시 중앙로 47, 3층 (문화동)"
문헤어,010-3897-9763,서비스업,충주시 중앙로 37 (문화동)
문화독서실,438485522,서비스업,"충청북도 충주시 중원대로 3364, 2층 (문화동)"
미도리타코야끼,NULL,소매,"충주시 대림9길 24, 1층 (문화동)"
미라클카프라자,043-852-8174,서비스업,충주시 사직로 9-1 (문화동)
미진컴퓨터크리닝,043-842-6043,서비스업,충주시 탄금대로 2 (문화동)
믿음세탁소,043-856-2918,서비스업,"충주시 중원대로 3379, 상가동 305호 (문화동)"
밀리오레헤어샵,043-842-2596,서비스업,충주시 중원대로 3372-4 (문화동)
박지연스킨케어,NULL,서비스업,충주시 중원대로 3376 (문화동)
반품마트충주점,043-845-7797,도소매,충주시 중앙로 3 1층(문화동)
베스트치과의원,043-845-2872,보건업,"충주시 중앙로 33, 4층 (문화동)"
보그헤어,043-853-8224,서비스업,"충주시 중원대로 3467, 1층 (문화동)"
복돼지구이,043-848-2010,음식,충주시 빙현천변1길 37(문화동)
봄네일,NULL,서비스업,충주시 사직산1길 15-10 (문화동)
빗이랑가위랑,043-844-0482,서비스업,충주시 탄금대로 16 (문화동)
사직산노래연습장,438568899,서비스,충청북도 충주시 사직로 156 (문화동)
삼성공구모터,043-855-3309,도소매,충주시 대림4길 2(문화동)
삼성정형외과,043-853-1010,보건업,"충주시 중앙로 33, 2층 (문화동)"
삼성환경,232-14-52968,서비스업,충주시 성터10길 13 (문화동)
새로운장례식장,NULL,서비스업,충주시 중심3길5 (문화동)
서담화충주점,043-857-9226,임대업,충주시 중원대로 3388 (문화동)
서울연합의원,043-854-7588,보건업,충주시 중앙로 47 (문화동)
선한의원,043-845-1075,의료서비스,"충주시 탄금대로 4, 1층 (문화동)"
성모신통의원,043857-557,보건업,"충청북도 충주시 중앙로 12, 1층 (문화동)"
성모안경원,043-854-0153,소매,"충주시 중앙로 33 1층 103호(문화동, 성모메디컬센터)"
성실OA,043-857-0848,도소매,충주시 사직산12길 34-3 (문화동)
세모문화대리점,043-856-3443,소매,충주시 탄금대로 17 (문화동)
세운식육점,043-844-2182,도소매,충주시 사직로 153
수정헤어샵,043-846-6622,서비스업,충주시 사직산 6길 23-1 (문화동)
신한우정육점식당,NULL,음식,충주시 사직산2길 11 (문화동)
실로암안경원,043-847-4361,소매,충주시 중앙로 9(문회동)
쌍용오토샵,NULL,서비스업,충주시 사직로 31 (문화동)
안성보리쌀칼국수,043-851-8808,음식,충주시 사직산21길 30 (문화동)
양미장원,043-844-2596,서비스업,충주시 탄금대로 17-2 (문화동)
어가,043-855-8070,음식,충주시 사직로 155 (문화동)
에스엠모터스,043-855-5092,서비스업,충주시 중원대로 3469 (문화동) 
에코수입주방,043-856-5005,소매,충주시 중앙로 3 (문화동)
엘리자벳스킨케어,043-848-3344,서비스업,"충주시 성터 3길 33, 102호 (문화동)"
엘림쌀상회,NULL,도소매,충주시 대림4길 4 (문화동)
영머리터,043-846-4548,서비스업,"충주시 사직로 108, 상가동 101호 (문화동)"
영세차장,636-24-00218,서비스업,충청북도 충주시 사직로 9-1 (문화동)
옛날통닭,438566307,음식,충청북도 충주시 중앙로 54 (성서동)
오륙도식육점,438572943,소매,충청북도 충주시 사직로 118 (문화동)
오서방짜장,043-844-5522,음식,충주시 성터10길 34 (문화동)
올레코인노래연습장,NULL,서비스업,"충주시 연못길 9, 3층 (문화동)"
와이엠스피치파워리더십센타,043-844-0207,서비스업," 충주시 중원대로 3377, 3층 (문화동,럭키아파트상가)"
위너스학원,135-95-04235,서비스업,"충주시 청문로 75, 1층 (문화동)"
유한회사진항공여행사,043-848-2292,서비스업,충주시 중앙로 45 (문화동)
의료법인문화의료재단,043-854-8802,의료서비스,충주시 국원대로 6 (문화동)
이 짚 디자인,NULL,서비스업,"충주시 대림9길 21, 1층 (문화동)"
이마트24충주호암점,NULL,도소매,충주시 중원대로 3357-1(문화동)
이성주내과의원,NULL,보건업,"충주시 중앙로 33, 3층 (문화동)"
이치과의원,043-852-2875,보건업,충주시 중앙로 35 (문화동) 
인천사,043-844-6092,서비스업,충주시 성터8길 1 (문화동)
임미라헤어샵,043-843-0843,서비스업,충주시 성터8길 5 (문화동)
자이온하우스 충주대리문화점,NULL,소매,충주시 중앙로 20(문화동)
장군,NULL,서비스,충주시 중원대로 3487 (문화동)
장수한의원,303-90-76851,보건업,충청북도 충주시 문화동 828
전경주사진이야기,043-843-0300,서비스업,충주시 사직로 54 (문화동)
정법한의원,043-854-5222,보건업,"충주시 탄금대로 14-1, 1층 (문화동)"
정석속셈학원,043-844-8548,서비스,충주시 중원대로 3383 (문화동)
정윤헤어샵,043-842-4992,서비스업,충주시 대림1길 7 (문화동)
정해진헤어스케치,043-847-1500,서비스업,충주시 청운로 76 (문화동)
조타옛날통닭,NULL,음식,"충주시 대림9길 33, 1층 (문화동)"
종합유통,NULL,도소매,"충주시 대림3길 40, (문화동)"
㈜ 참사랑 ,043-857-8241,보건업,충주시 중앙로 32 (문화동)
주덕한의원,043-851-1010,의료서비스,"충주시 중원대로 3377, 럭키아파트 상가105-1401  (문화동)"
㈜마이웨딩,043-856-8000~1,서비스업,충주시 사직로 3 (문화동)
주식회사 슈룸(아이더),043-856-0022,도소매,충주시 국원대로 1 (문화동)
준 오토샵,043-843-4370,서비스업,충주시 사직로 27-1(문화동)
준미용실,043-843-0695,사회및개인서비스,충주시 사직산8길 57(문화동)
중원점,NULL,소매,충주시 중앙로 7(문화동)
진보당,NULL,소매,충주시 빙현천변1길 29-1 (문화동)
찬미미용실,043-854-1034,서비스업,충주시 대림 7길 12 (문화동)
참예쁜머리,NULL,서비스업,충주시 탄금대로 17 (문화동)
천하카센타,NULL,서비스,충주시 사직로 55 (문화동)
청담스킨케어,043-856-0551,서비스업,"충주시 사직산 12길 1, 2층 (문화동)"
최정선피부과의원,043-843-1772,보건업,충주시 탄금대로 2-1 (문화동)
충주HZ(헤지스충주종합관),043-854-0044,소매,충주시 중원대로 3424(문화동)
충주농업협동조합,043-841-2000,서비스업,충주시 중원대로 3438 (문화동)
충주농협 가흥지점,043-855-5401,금융업,충주시 중원대로 3438 (문화동)
충주농협 중앙탑지점,043-855-0811,금융업,충주시 중원대로 3439 (문화동)
충주성모안과,043-848-6733,의료서비스,충주시 중앙로 33 (문화동)
충주요양병원,043-843-9300,보건업,충주시 중심3길 4-2 (문화동)
충주요양보호사교육원,043-848-2006,서비스업,"충주시 국원대로 10, 2층 (문화동)"
캠토 문화점,043-845-5994,음식,충주시 국원대로 3 (문화동)
크로바미용실,043-848-6952,서비스업,충주시 사직산 23길 24 (문화동)
토리,043-853-9568,소매,충주시 중앙로 36(문화동)
토마토노래방,NULL,서비스업,충청북도 충주시 사직산21길 33 (문화동)
파란전기조명,043-846-0177,도소매,충주시 중원대로 3447(문화동)
파리게이츠 충주점,043-856-5469,도소매,"충주시 국원대로 10, 1층 101호(문화동)"
파슈헤어,043-844-4321,서비스,충주시 중원대로 3376 1층(문화동)
풍천장어,043-848-2338,음식,충주시 사직산23길 7-1 (문화동)
하나미용실,043-847-6943,서비스업,충주시 중앙로 42-1 (문화동)
한국타이어충주점(T.Station),043-847-3457,도소매,충주시 사직로 96 (문화동)
할인매장노다지,043-843-5362,소매,충주시 중앙로 13 (문화동)
해성세탁소,043-847-7636,서비스업,충주시 사직산 8길 45 (문화동)
행복세탁소,043-847-1468,서비스업,충주시 성터3길 33-1 (문화동)
행복오리농장,043-856-5259,음식,충주시 국원대로 17 (문화동)
행복한자기장족욕카페,NULL,서비스업,"충주시 국원대로 7, 2층 (문화동)"
행운미용실,043-842-0380,사회및개인서비스,"충주시 사직산 21 6 (문화동, 성관연립)"
헤어바치,043-848-3238,서비스업,충주시 대림9길 39-1 (문화동)
헤어플러스,043-855-1171,서비스업,충주시 사직산 16길 5 (문화동)
현대전기조명총판,043-842-0707,소매,충주시 중원대로 3410-4(문화동)
호반미용실,043-844-1068,서비스업,충주시 사직산1길 15-11 (문화동)
후테라피,043-848-3344,서비스업,"충주시 성터3길 33, 1층 102호(문화동)"
희야옷수선,NULL,서비스업,충주시 무학1길 1-4 (봉방동)
힐크릭,043-854-0055,도소매,충주시 중원대로 3424(문화동)
(주)성공렌트카충주지점,043-846-2021,서비스업,충주시 애향로 23 (봉방동)
(주)제이케이렌트카,043-855-9960,서비스업,충주시 봉방5길 3 (봉방동)
24시짜장마을,043-846-3220,음식,충주시 봉현로 104 (봉방동)
88세탁소,043-842-8598,서비스업,충주시 봉방4길 62 (봉방동)
가나오토케어충주,043-911-3750,서비스업,"충주시 봉계1길32, 302호 (봉방동)"
가인상사,438565500,도소매,충청북도 충주시 봉계8길 20 (봉방동)
거인당구장,043-855-0949,서비스업,충주시 애향로 63 (봉방동)
건국우유 충주대리점,043-843-0795,도소매,충주시 봉방8길 1 (봉방동)
경성이용원,NULL,서비스업,충주시 무학4길 1-4 (봉방동) 
국민자동차공업사,043-842-0001,서비스업,충주시 탄금대로 47 (봉방동)
그랜드호텔사우나,043-854-5554,서비스업,충주시 중원대로 3496 (봉방동)
글레이즈카케어,043-852-0160,서비스업,충주시 충원대로 536 (봉방동)
김창숙미용실,NULL,서비스업,충주시 무학1길 30 (봉방동)
꿀밤농원,NULL,농업,충주시 봉계8길 19 (봉방동)
남광상회,043-844-0250,소매,충주시 무학2길 10 (봉방동)
남원정비공업사,043-852-7229,서비스,충주시 봉현로 102-1
내안에 필라테스,NULL,서비스업,"충주시 봉계13길 10, 2층 (봉방동)"
놀래피씨존,NULL,서비스업,"충주시 봉방13길13, 1층 (봉방동)"
대길자동차정비공장,NULL,서비스업, 충주시 봉현로 50 (봉방동)
대호카서비스,043-852-8181,서비스업,충주시 애향로 7 (봉방동)
더 리오(The 리오),043-853-7771,서비스,"충주시 봉방16길 12, 2층 (봉방동)"
더리오메이크업,043-853-7771,서비스업,충주시 봉방16길 12(봉방동)
동부베어링,NULL,도소매,충주시 봉현로 66 (봉방동)
럽잇네일,010-6755-5880,서비스업,"충주시 봉계13길 28, 1층 (봉방동)"
리뉴헤어샵,043-845-1137,서비스업,충주시 삼원로 75 (봉방동)
리브가헤어,043-856-5505,서비스,충주시 봉계1길 35 (봉방동)
린나이서비스충주대리점,010-4144-0626,서비스업,충주시 봉현로 100 (봉방동)
만나미용실,043-844-7234,서비스업,충주시 봉계10길 33 (봉방동)
머리가꾸기미용실,043-845-3241,서비스업, 충주시 무학5길 5-4 (봉방동)
모던에이뷰티,NULL,서비스업,"충주시 봉계9길6, 101호 (봉방동,모성빌)"
모드리헤어,043-857-0427,서비스업,"충주시 봉계1길 31, 107호 (봉방동)"
문경세탁소,043-848-6065,서비스업,충주시 봉계10길1 (봉방동)
뮤직스피닝,043-855-4279,서비스업,"충주시 봉계1길 32, 201호(봉방동)"
미광미용실,NULL,서비스업,충주시 무학1길 28-1 (봉방동)
미모샵,043-853-4919,서비스업,충주시 봉방8길 15 (봉방동)
미용실좋은세상,043-855-9823,서비스업,충주시 삼원로 66 (봉방동)
박가네손세차장,043-857-5822,서비스업,충주시 애향로 46 (봉방동)
밝은안과,043-846-2377,보건업,충주시 봉계1길42 (봉방동)
"베스트카서비스,코인365",NULL,서비스업,충주시 봉현로 32 (봉방동)
보람미용실,043-851-6737,서비스업,충주시 봉방9길20 (봉방동)
봉계파전,NULL,음식,충주시 봉방9길 2 (봉방동)
봉방서부점현대자동차,043-843-8204,서비스업,충주시 애향로 9 (봉방동)
봉방스크린골프,438550752,서비스,충청북도 충주시 애향로 23 (봉방동)
봉방점오토큐,043-846-8572,서비스업,충주시 애향로 61 (봉방동)
봉방컴퓨터세탁소,043-845-2070,서비스업,충주시 봉방6길 13 (봉방동)
비어하우스,NULL,음식,"충주시 봉방8길4, 1층 (봉방동)"
빅베어바벨짐,043-845-3940,서비스업,"충주시 봉현로 70, 5층 (봉방동)"
빈스헤어,043-846-8461,서비스업,충주시 봉방9길 5 (봉방동)
쁘랭땅세탁전문점,NULL,서비스, 충주시 상방4길 20 (봉방동)
삼원세차장,043-848-9745,서비스업,충주시 탄금대로 47-1(봉방동)
서울더블유치과병원,043-852-7528,의료서비스,충주시 봉계1길 42 (봉방동)
성민한의원,NULL,보건업," 충주시 봉계1길 32, 303 (봉방동)"
성원밥집,043-844-4964,음식,충주시 애향로 59 (봉방동)
세명대학교충주한방병원,043-841-1551,보건업,충주시 상방4길 63 (봉방동)
세븐미용실,043-847-5007,서비스업,충주시 무학1길 10 (봉방동)
솔세탁소,NULL,서비스업,충주시 무학천변길 84 (봉방동) 
순아트스튜디어(SOON art studio),NULL,교육서비스,충주시 봉계1길 35 (봉방동)
스마트정비,NULL,서비스업,충주시 상방3길 37 (봉방동)
스위띵,NULL,음식,충주시 봉계4길 9 (봉방동)
신명모타전공,043-847-0108,서비스업,충주시 봉방4길 63 (봉방동)
신부농농자재,043-846-3439,소매,충주시 탄금대로 15(봉방동)
아라치(충주중앙점),438555059,음식,충청북도 충주시 봉방3길 29 (봉방동)
아이통곡,043-856-0823,서비스업,"충주시 봉방1길 17, 102동 1106호 (봉방동)"
앨리스파티,043-844-9070,서비스업,충주시 봉방16길12 (봉방동)
야베스옷수선세탁소,043-844-8236,서비스업,충주시 무학3길 13 (봉방동)
에너지댄스핏,NULL,서비스업,"충주시 애향로 40, 201호 (봉방동)"
엣지미용실,NULL,서비스업,충주시 탄금대로 68-2 (봉방동)
역전카센터,043-852-8597,서비스업,충주시 상방8길 4 (봉방동)
예담미용실,043-857-4936,서비스업,충주시 무학4길 13 (봉방동) 
오르락,043-856-5014,서비스업,"충주시 탄금대로 39 (봉방동, 세일빌딩)"
오성관,043-845-0220,음식,충주시 봉방8길 18 (봉방동)
오즈카정비,NULL,서비스업,충주시 봉현로 110 (봉방동)
우리인력,NULL,서비스업,충주시 무학1길 13 (봉방동)
우암오토밋션,043-842-8723,서비스업,충주시 상방 11길 1 (봉방동)
우일종합자동차정비공장,043-847-9999,서비스업,충주시 애향로 54 (봉방동)
원앙세탁소,043-852-5521,서비스업,충주시 봉계10길 29 (봉방동) 
유영란미용실,043-854-6523,서비스업,충주시 무학3길 11 (봉방동)
윤지현헤어,043-845-5009,서비스업,"충주시 봉계1길 32, 104호 (봉방동)"
으뜸카랜드,043-846-8824,서비스업,충주시 봉방8길 21(봉방동)
이례미용실,043-854-0308,서비스업,충주시 무학1길 24 (봉방동)
인온주짓수충주,NULL,서비스업,"충주시 삼원로 111, 2층 (봉방동)"
정현미용실,043-844-4147,서비스업,충주시 천변로 91 (봉방동)
제일종합건재건축,043-844-6319,도매,충주시 애향로 58 (봉방동)
제일커뮤니케이션,043-855-2626,서비스,충주시 봉방3길 34-1 (봉방동)
제일현수막광고,NULL,서비스업,충주시 상방1길6 (봉방동)
주식회사페이퍼유원,043-855-2227,도매,충주시 상방3길 1 (봉방동)
주식회사프로에너지,010-8843-3256,도소매,충주시 중원대로 3506 (봉방동)
㈜애니렌트카,043-853-0853,서비스업,충주시 상방7길 19 (봉방동)
주영미용실,043-844-0674,서비스업,충주시 무학1길 25 (봉방동)
중앙미용실,043-842-0181,서비스업,충주시 무학천변길 86 (봉방동)
중원스덴금속,NULL,도소매,충주시 천변로 49(봉방동)
지관장키즈킥복싱,043-843-8448,서비스업,"충주시 봉계1길 31, 202호 (봉방동)"
진주세탁소,NULL,서비스업,충주시 무학3길 3-4 (봉방동)
참물유통,043-848-3155,도매업,충주시 상방3길 7 (봉방동)
창성에어컨,NULL,서비스업,충주시 상방6길 55 (봉방동)
천지목욕탕,043-852-6784,서비스업, 충주시 봉방천변길 36 (봉방동) 
청솔닭고기직판장,NULL,도매업,충주시 무학4길 4 (봉방동) 
충북카공업사,043-851-0822,서비스업,충주시 중원대로 3504 (봉방동)
충주호스유니온,043-855-9866,도소매,충주시 봉현로 46(봉방동)
친정맘 산후도우미,043-857-2438,서비스업,충주시 탄금대로 99 (봉방동)
크린업24충주봉방점,010-6834-2366,서비스업,"충주시 봉방4길 34, 상가동 103호 (봉방동,좋은세상아파트)"
크림보리,438524146,음식,충청북도 충주시 봉방8길 6 (봉방동)
터미널바나나퀵물류,NULL,서비스,충주시 봉방12길 15 (봉방동)
표현사,438547904,도소매,충청북도 충주시 상방5길 20 (봉방동)
프로공업사,043-852-3383,서비스,충주시 상방6길 6 (봉방동)
하이카세차,010-9412-9944,서비스업,충주시 봉계13길 6 (봉방동)
한솔전산,NULL,도소매,충주시 봉방4길 57-1 (봉방동)
해밀자동차,NULL,서비스업,충주시 상방4길41 (봉방동)
해인네일,NULL,서비스업,"충주시 봉계1길 31, 106호 (봉방동,번영상가)"
현대건강원,NULL,음식,충주시 무학3길 20 (봉방동)
현대위생물수건,NULL,서비스업,충주시 상방5길 28 (봉방동)
현머리방,043-842-8185,서비스업, 충주시 무학4길 7 (봉방동)
협동상사 주식회사,NULL,도소매,충주시 봉현로 16 (봉방동)
혼또,438471288,음식,충청북도 충주시 봉계1길 26 (봉방동)
화이트헤어샵,043-854-3954,서비스업,충주시 봉방4길 32 (봉방동)
환타지헤어샵,043-857-4617,서비스업,충주시 봉방6길 18-1 (봉방동)
고헌정영농조합법인,043-855-3333,제조,충주시 산척면 샛강영길 39 1층
다릿재주유소,043-854-3363,소매,충주시 산척면 북부로 3293
동서주유소,043-857-5656,소매,충주시 산척면 충원대로 1643
또래오래치킨산척점,043-854-0070,음식,충주시 산척면 동산로 735
메이플라워,043-848-0495,일반음식,충주시 산척면 갈마장길 32-10
산척농원,010-4564-9803,농업,충주시 산척면 송강행정길 113-25
산척성모의원,043-851-8111,의료서비스,충주시 산척면 천등박달로135-1 (산척면)
산척정육식당2호점,043-853-5026,음식,충주시 산척면 동산로 715-1
산척카센터,043-856-0909,서비스업,충주시 산척면 동산로 730-4
소림뷔페,043-845-4033,음식,"충주시 산척면 송강길 7, 1층"
영덕가든,043-848-3305,일반음식,충청북도 충주시 산척면 매지골길 1
영숙노래연습장,043-855-8103,서비스업,충주시 산척면 월현길 3
장수밥상,043-854-1331,음식,충주시 산척면 충원대로 1677
정든세탁소,043-846-0316,서비스업,충주시 산척면 천등박달로136
조은마음농장,NULL,농업,충주시 산척면 영덕리 산 77-2
중원에너지,NULL,소매,충주시 산척면 덕해길 72-3
천등산 주유소,043-853-4591,소매,충주시 산척면 충원대로1680
문강유황온천사우나,043-847-0999,서비스업,충주시 살미면 문강리 146
불독,1043280179,음식,충주시 살미면 월악로 121
비릿길수산,NULL,어업,충주시 살미면 용천리25
세성이발관,043-851-5806,서비스업,충주시 살미세성 295-8
수안보농협살미지점,043-851-6115,금융업,충주시 살미면 세성로 56
오알농장,NULL,축산업,충주시 살미면 매남이길 283
자연과농장,010-3452-8114,축산업,충주시 살미면 월악로 226 
충주야생화와 고택나들이,NULL,서비스,충주시 살미면 중원대로 2220
충주파쓰리골프클럽,043-851-3406,서비스업,충주시 살미면 용천리 32-6
(충주)산모도우미119,043-852-3519,서비스업,"충주시 중앙로 99,나동 (성내동)"
ENVY(엔비)수 네일아트,NULL,서비스업,충주시 성서1길 36 (성서동)
M코인노래연습장,NULL,서비스업,충주시 성서7길 11 (성서동)
가위든남자,043-856-3343,서비스업,충주시 성서7길 29 (성서동)
강산스페셜짐,043-848-5897,서비스업,"충주시 사직로 190, 4층 (성남동)"
경식이용원,043-847-8434,서비스업,충주시 성서1길 39 (성서동)
경희한의원,043-842-2900,보건업,충주시 충인5길 4
골드리아,043-845-8881,도소매,"충주시 성서8길 19, 1층 (성서동)"
골드샵,043-842-9351,소매,충주시 예성로 161-1 (성서동)
관아골상인회,070-8901-6776,서비스업,충주시 자유시장길 40-2 (충인동)
관아골식당,043-843-1340,음식,충주시 관아1길 28(성내동)
관아당구클럽,043-853-0918,서비스업,"충주시 관아1길 14, 가동 2층(성내동)"
국원상단협동조합,NULL,서비스업,"충주시 충인1길 22, 2층 (충의동)"
권향미소아과의원,043-848-4567,의료서비스,충주시 충인8길 26 (성내동)
그림남매,010-2603-2628,서비스업,"충주시 관아4길 15, 205호 (성내동)"
금메달옷수선,010-4946-2517,서비스업,충주시 충인2길 7-2 (충의동)
금발미용실,043-847-6319,서비스,충주시 자유시장길 43 (성내동)
기맥한의원,043-857-2391,보건업," 충주시 중앙로 63,1층 (충의동)"
김재관내과의원,043-847-7533,보건업,"충주시 중앙로 80 (성서동,네옴디컬센터 202호 )"
김재권내과의원,043-847-7533,보건업,"충주시 중앙로 80 (성서동,네오메디컬센터 202호 )"
김춘웅미용실,043-842-7576,서비스,충청북도 충주시 성서1길 44(성내충인동)
김해경뷰티타운미용실,043-842-8677,서비스업,충주시 용정2길 29 (성남동)
깜지헤어,043-846-0447,서비스,충주시 중앙로 67-2 (충의동)
나를만나는시간,010-9409-6038,서비스업,충주시 관아1길 14 (성내동)
나아영미용실,043-855-2088,서비스업,충주시 충인5길 2-1 (충인동)
남양인력개발유료직업소개소,043-846-1124,서비스업,충주시 중앙로 119 (성내동)
네일봉봉,043-853-0903,서비스업,충주시 예성로 168 (성서동)
네일썬,043-855-4346,서비스업,충주시 예성로 168 (성서동)
놋사랑,NULL,제조,충주시 충인7길 19(충인동)
뉴발란스,043-843-4152,소매,충주시 성서8길 18 (성서동)
뉴조앤리헤어클럽,043-846-2244,서비스,충주시 중앙로 64-1 (성서동)
다모아미용실,NULL,서비스,충주시 중앙로 101-8(성내동)
다연훠궈,043-856-7399,음식,충주시 관아4길 3 (성내동)
달천건강원,043-844-2424,즉석판매제조가공업,충주시 충인7길 11 (충의동)
대대토건,NULL,건설,충주시 예성로 168 (성서동)
대덕천막사,043-847-7910,서비스업,충주시 충인6길 17 (충의동)
대원보험대리점,NULL,서비스업,충주시 사직로 191 (성서동)
대유당건재약업사,043-847-3618,도매업,충주시 충인6길 43 (성내동)
댕기머리헤어클럽,043-847-4257,서비스업,충북 충주시 성서7길 36(성서동)
덕이헤어샵,043-845-0753,서비스업,충주시 용정2길 19 (성남동)
도담스튜디오,NULL,서비스업,충주시 성서1길 52 (성서동)
동흥당한의원,043-847-2892,보건업,충주시 중앙로 97 (성내동)
뜨꼬바꼬,043-844-8504,서비스업,충주시 예성로 168 (성서동)
라즈베리케이크,NULL,음식,충주시 성남2길 2 (성남동)
라피네,043-851-1125,서비스업,"충주시 관아4길 15, 2층 203호 (성내동)"
루나미용실,043-843-2244,서비스업,충주시 성서 7길 22 (성서동)
루키당구클럽,043-852-5979,서비스업,"충주시 성서4길 3, 3층 (성서동)"
릴리칼라(리리사),043-847-3274,서비스업,충주시 예성로 152-2 (성서동)
마이웨이휘트니스,043-855-0032,서비스업,충주시 중앙로 101-10 (성내동)
매일머리방,043-852-6433,서비스업,충주시 자유시장길 42 (충인동)
맵시수선점,NULL,서비스업,충주시 자유시장길 14 (충의동)
명가축산,043-845-7888,도소매,충주시 중앙로 65 (충의동)
명동미용실,043-842-7429,서비스업,충주시 충인5길 13 (충의동)
명미용실,043-844-3194,서비스업,충주시 충인7길 13 (충의동)
모두세탁소,043-842-7184,서비스업,충주시 용정2길 23 (성남동)
미광사,043-842-9545,서비스,"충주시 성서8길 25, 105호 (성서동)"
미스터안,043-846-0830,서비스업,"충주시 성서7길 32, 2층 (성서동)"
미정헤어샵,043-843-4692,서비스업," 충주시 충인3길 7, 1층 (충의동)"
민기살롱,NULL,서비스업,충주시 관아4길 15-1 청년대로 청년몰 나동 208호(성내동)
민한의원,043-911-5421,보건업,충주시 중앙로 65 (충의동) 
바느질쌀롱,NULL,서비스업,충주시 예성로 168 (성서동)
바니미용실,043-842-0438,서비스업,충주시 자유시장길 9 (충의동)
바른몸만들기,NULL,서비스업,"충주시 충인6길 29-1, 2층 (충인동)"
박광섭보험대리점,NULL,보험업,충주시 성서8길 3 (성서동) 
박승철헤어스투디오,043-852-8588,서비스업,충주시 성서7길26 (성서동)
박운식내과의원,NULL,의원,"충주시 중앙로 73, 2층 (충인동)"
밝은 안경원,043-855-5588,소매,충주시 예성로 162 (성서동)
백영세탁소,043-847-2203,서비스업,충주시 용정2길 1-1 (성남동)
베레타사격연습장,010-5481-2144,서비스업,충주시 성서2길 14 (성서동)
부모사랑한의원,043-847-3655,의료서비스,충주시 충인6길 31-1 (충인동)
부부치과의원,043-847-1951,의료서비스,충주시 예성로 152-2 (성서동)
부자노래방,043-852-5399,서비스업,충주시 충인6길 13 (충의동)
불개미 옷수선,043-848-3456,서비스업,충주시 성서동 68 (성서동)
비앤케이,043-854-0037,서비스업,충주시 예성로 155 (성서동)
산들미장원,NULL,서비스업,충주시자유시장길26
산뜻헤어,NULL,서비스업,충주시 예성로 181-1(성내동) 
샤넬옷수선,NULL,서비스업,충주시 예성로183
샤크짐,043-855-9679,서비스업,충주시 성서8길 11 (성서동)
서울세탁소,043-845-2373,서비스업,충주시 관아3길 9 (성서동)
선녀미용실,043-847-9806,서비스업,"충주시 자유시장길 13, 1층 (충의동)"
성남카주차장,043-844-9901,서비스업,충주시 성남2길 14 (성남동)
성내성서동마을관리협동조합,NULL,서비스업,충주시 관아1길 20 (성내동)
성모간호학원,NULL,서비스,"충주시 충인3길 1, 3층 (충의동)"
성모약국,043-856-2200,소매,충주시 중앙로 71 (충의동)
성모한의원,043-851-3375,보건업,"충주시 충인3길 1, 2층 (충의동)"
성서동사진관,010-3498-0708,서비스업," 충주시 성서7길 5, 2층 (성서동)"
수다이엔티,NULL,서비스업,"충주시 관아4길 15, 401호 (성내동)"
쉬즈미스충주점,043-854-0807,소매,충주시 성서5길 3(성서동)
쉬즈인헤어크럽,NULL,서비스업,충주시 예성로 158 (성서동)
시크헤어,043-848-3474,서비스,충주시 성서8길 27 (성서동)
실바늘옷수선,NULL,서비스업,충주시 예성로179
심당구장,043-848-3949,서비스업,충주시 성서8길 21 (성서동)
씽씽카정비공업사,NULL,서비스업,충주시 성남6길9 (성남동)
아씨의상실,010-2336-4488,서비스업,충주시 충인4길 6-1 (충인동)
아이패밀리 안경. 콘택트,043-855-4033,소매,충주시 중앙로 91(충인동)
안경공간,043-844-1125,소매,충주시 관아4길 29 (성내동)
애니카랜드성남점,043-854-8623,서비스업,충주시 사직로 222 (성남동)
양성국갤러리,438523123,도소매,충청북도 충주시 관아4길 21 (성내동)
어스푼,043-843-3003,서비스업,"충주시 관아4길 15, 302호 (성내동)"
엠제이헤어숍,043-853-7617,서비스업,충주시 성서4길 11 (성서동)
연미세탁소,043-847-7032,서비스업,충주시 중앙로 101-8 (성내동)
용궁꽃수족관,043-845-0111,소매,충주시 중앙로 100 1층(성내동)
우리유통,043-847-0269,부동산,충주시 자유시장길 35-1 (충인동)
우정세탁소,NULL,서비스업,충주시 충인6길 16 (충인동)
우주수선,NULL,서비스업,충주시 사직로 211 (성내동)
유리구두헤어숍,NULL,서비스업,충주시자유시장길31
윤세섭치과의원,043-856-2875,보건업,"충주시 예성로 158, 2층 (성서동)"
윤호배내과,043-847-8866,보건업,충주시 성서8길 24 (성서동)
은솔미용실,NULL,서비스업,충주시 예성로 179-1 (충인동)
은주미용실,043-852-2759,서비스업,충주시 사직로 233 (성내동)
은하전기조명,438436047,도소매,충청북도 충주시 사직로 235 (성내동)
이정동묵밥,043-847-4525,일반음식,"충주시 쇠저울1길 13-2, 1층 (금릉동)"
이튼학원,043-851-7728,서비스업,충주시 형설로 151 (성남동)
전양포차,1096333906,음식,충청북도 충주시 관아1길 3-1 (성서동)
전용미뷰티아카데미,NULL,교육,"충주시 사직로 203, 3층(성서동)"
정헤어아트,043-857-7208,서비스업,충주시 사직로 190 (성남동)
조마취통증의학과의원,043-854-4575,보건업,충주시 중앙로 69(충의동)
중국인제한의원,NULL,보건업,충주시 충인4길 6 (충인동)
중국한의원,043-847-3119,보건업,충주시 충인6길 25-1 (충인동)
중앙치과의원,043-847-2196,의료서비스,충주시 성서5길 1 (성서동)
중원치과,043-855-2882,보건업,"충주시 중앙로 67, 2층 (충의동)"
쥬단학충주중앙대리점,043-842-0213,도매업,충주시 사직로 191 황금타운2층 201호(성서동)
지텔레콤,043-857-0107,소매,충주시 성서7길 28 (성서동)
진주미용실,043-843-0829,서비스업,충주시 공설시장길 26 (충의동)
천 당구장,NULL,서비스업,"충주시 성서8길 18, 나동2층 (성서동)"
천지한의원,043-846-1775,보건업,충주시 충인2길 17 (충의동) 
첫눈스튜디오,043-842-4040,서비스,"충주시 중앙로 104 (성내동,4층)"
청호상회,NULL,소매,충주시 충인6길 9 (충의동)
최남렬의원,043-852-7676,보건업,"충주시 중앙로 63-1, 2층 (충의동)"
충북석유,NULL,서비스업,충주시 성서8길 11 (성서동)
충인미용실,043-842-7790,서비스업,충주시 자유시장길 41-1 (성내동)
충일구두수선,010-5485-9972,서비스업,충주시 중앙로 53 (충의동)
충주 아이폰수리 리페어하우스,010-5646-1110,서비스업,"충주시 관아4길 15, 103호 (성내동)"
충주당구장,043-848-0968,서비스업,충주시 성서1길 32 (성서동)
충주문학사,NULL,도매업,충주시 예성로 167 (성서동)
충주미용실,043-851-0156,서비스업,충주시 자유시장길 19-1 (충의동)
충주시설관리공단(충주천제1주차장),043-870-7815,서비스업,충주시 성서동 50번지
충주시시설관리공단(충주천제2공영주차장),043-870-7815,서비스업,충주시 성서2길 5 (성서동)
충주아이폰수리점,010-5963-2125,서비스업,충주시 예성로 168 (성서동)
카나리아양장,NULL,서비스업,충주시 예성로 168 (성서동)
커먼의상실,011-483-3876,서비스업,충주시 자유시장길 30-1 (충인동)
크린케이 용산점,043-854-7171,서비스업,충주시 용정2길 43 (성남동)
타미힐피거충주점,043-845-6833,도소매,충주시 성서7길 28(성서동)
토끼네일,043-851-0015,서비스업,"충주시 관아4길 15, 301호 (성내동)"
토실돼지,043-911-4234,음식,충주시 형설로 149 (성남동)
트랜디헤어,043-843-3999,서비스업,"충주시 예성로 149, 2층 (성서동)"
평화루,043-847-3248,일반음식,충주시 중앙로 95(성내동)
포토프린스,043-848-7989,서비스업,충주시 성서2길 4 (성서동) 
퓨어스킨케어,NULL,서비스업,"충청북도 충주시 관아6길 5, 2층 202호 (성내동)"
플레이스페이스,010-6209-9997,서비스업,"충주시 관아4길 15, 202호(성내동)"
필포토,043-845-1020,서비스업,충주시 성서7길 4 (성서동)
하이카성남점,438527777,도소매,충청북도 충주시 형설로 165 (성남동)
한빛의원,043-851-6638,서비스업,충주시 중앙로 101-10 (성내동)
한수엽치과의원,043-843-9500,의료서비스,충주시 사직로 197(성서동)
해인한의원,043-848-0511,보건업,충주시 중앙로 80 네오메디클리닉빌딩 302호 (성서동)
해피해피노래연습장,438547474,서비스,충청북도 충주시 예성로 120 (용산동) -
행복가구,438513753,도소매,충청북도 충주시 관아4길 16-1 (성내동)
행복한헤어갤러리,043-853-7788,서비스업,충주시 예성로 168 (성서동)
행텐주니어,043-851-4433,서비스업,충주시 성서3길 8 (성서동)
헤어151,043-855-7383,서비스업,"충주시 예성로 151, 208호 (성서동,메가박스신관)"
현대이용원,043-843-4979,서비스업,충주시 충인2길 26 (충인동)
현대타운세탁소,043-845-4553,서비스업,충주시 성서 1길 50 (성서동)
현스킨앤바디,NULL,서비스업,"충주시 성서7길 16-1, 2층 (성서동)"
현우세탁소,043-844-2698,서비스업,충주시 충인7길 13 (충의동)
혜상칼라,043-844-8484,서비스업,충주시 예성로 149 (성서동)
환희노래연습장,043-851-5679,서비스업,충주시 용정2길2 (성남동)
황금바늘,NULL,서비스업,"충주시 충인2길 8, 1층,2층 (충의동)"
효성요양원,043-847-4300,보건업,충주시 성남5길 15-11 (성남동)
희락목욕탕,043-847-0804,서비스업,"충주시 관아3길2, 1층 (성내동)"
힐러미용실,NULL,서비스업,충주시 충인6길 5 (충의동)
충주 꿀단지 농원,NULL,농업,충주시 소태면 동막강현길 54-15 
고운산나물농장,NULL,농업,충주시 수안보면 고운길 32
낙천탕,043-846-2905,서비스,충주시 수안보면 온천리 200-1
두꺼비당구장,043-846-3461,서비스업,충주시 수안보면 장터1길 17
송림,043-845-8890,음식,충주시 수안보면 미륵송계로 839-9
수안보세탁소,043-848-2056,서비스업,충주시 수안보면 온천중앙길 29-1 (수안보면)
수안보스크린골프,NULL,서비스업,"충주시 수안보면 장터3길 21, 2층 (더제이빌딩)"
수안보신용협동조합 수안보하이스파지점,043-846-8898,서비스업,충주시 수안보면 물탕2길 17 (수안보면)
수안보우리의원,043-852-7988,보건업,충주시 수안보면 물탕2길 24
수안보전기전자,043-853-3434,소매,충주시 수안보면 온천중앙길 29-1
수안보한의원,043-846-0761,의료서비스,충주시 수안보면 온천중앙길 13 (수안보면)
영지머리방,043-848-8766,서비스업,충주시 수안보면 온천중앙길 17 
옛날칼국수,043-846-2908,음식,충주시 수안보면 장터1길 22
우리마트,043-846-3370,소매,충주시 수안보면 온천중앙길 35
월악주유소,043-848-7410,도소매,충주시 수안보면 중원대로 1292(수안보면)
월악카센타,043-848-8808,서비스업,충주시 수안보면 중원대로 1296
윤옥기미용실,043-846-0471,서비스업,충주시 수안보면 장터1길 17-2 (수안보면)
재단법인위담충주지점(충주위담통합병원),NULL,보건업,충주시 수안보면 수안보로 129
충주시농업기술센터(남부농기계임대사업장),043-850-3228,임대업,충주시 수안보면 수회리로 186
카페수안보,4384877808,음식,충청북도 충주시 수안보면 미륵송계로 56 (수안보면)
태양당구장,NULL,서비스업,충주시 수안보면 온천리 955-19
한국콘도사우나,043-857-7714,서비스업,충주시 수안보면 조산공원길7 한국콘도사우나
국원주유소,043-856-8631,도소매,충청북도 충주시 신니면 신덕로 339 (신니면)
동락민물매운탕,043-857-9595,음식,충청북도 충주시 신니면 동락2길 44 (신니면)
미스터베리,010-7313-2370,농업,충주시 신니면 견학리 1034(신니면)
신니송어.쏘가리,NULL,어업,"충주시 신니면 마수리길 13,"
신니자동차,043-855-8182,서비스업,충주시 신니면 신덕로 693
신흥농약사,043-852-3042,소매,충주시 신니면 덕고개로 9 
용원카서비스,043-852-6643,서비스업,충주시 신니면 신덕로 824
월명주유소,043-852-2222,소매,충주시 신니면 신덕로 981
하은슈퍼,NULL,소매,충주시 신니면 덕고개로 4
희망건재철물,043-852-0764,소매 ,충주시 신니면 용원1길 12
남산골프랜드,043-857-0759,서비스,충주시 안림로 256 (안림동)
가든미용실,043-855-2748,서비스업,충주시 앙성면 가곡로 1036
미래농원,010-5051-9070,농업, 충주시 앙성면 저전2길 29
보성사우나,043-855-6203,서비스업,충주시 앙성면 가곡로 985
비에이치씨(BHC)충주앙성점,438540038,음식,충청북도 충주시 앙성면 가곡로 1032 (앙성면)
신신데렐라머리방,043-854-3053,서비스업,충주시 앙성면 용당3길3
앙성농협,043-855-2940,금융업,충주시 앙성면 가곡로 1027 (앙성면)
앙성탄산온천,043-855-7360,서비스업,충주시 앙성면 가곡로 1457 
앙성한의원,043-854-7585,보건업,"충주시 앙성면 가곡로 1036, 1층"
영죽1호,010-5492-0219,어업,충주시 앙성면 학교말1길 132
의료법인목민의료재단,NULL,보건업,충주시 앙성면 산전장수2길 55
의료법인현오의료재단,043-851-8700,보건업,충주시 앙성면 용담1길 29
자유미용원,043-855-2835,서비스업,충주시 앙성면 가곡로 1043
제이모더스,NULL,서비스업,충주시 앙성면 내용2길12
㈜더능암,NULL,서비스업,충주시 앙성면 새바지길 37
충주시농업기술센터(북부농기계임대사업장),043-850-3226,임대업,충주시 앙성면 능암리 747-2
퀸헤어뱅크,043-855-7180,서비스업,충주시 앙성면 하너미로 788 
현우자동차공업사,043-855-0757,서비스업,충주시 앙성면 용포리 74-1
낙원미용실,043-852-2339,서비스업,충주시 엄정면 미내장터길 19-1 (엄정면)
난솔미용실,043-852-6447,서비스업,충주시 엄정면 내창로 191 (엄정면)
동충주농업협동조합,043-852-1502,금융업,충주시 엄정면 엄정길 98 (엄정면)
목계미용실,NULL,서비스업,충주시 엄정면 구룡로 367-1
목계반점,438510692,음숙,충청북도 충주시 엄정면 구룡로 454 (엄정면)
수진미용실,043-852-4050,서비스업,충주시 엄정면 내창로 193 (엄정면)
신초롱미용실,043-851-8659,서비스업,충주시 엄정면 미내장어길 12
실버비용실,043-856-6666,서비스업,충주시 엄정면 내창로 189 (엄정면)
알프스농원,NULL,소매,충주시 엄정면 자바위길 149
엄정영농조합법인,043-851-0655,농축산업,충주시 엄정면 족동2길 13-9
엄정피아노교습소,043-843-0595,서비스업,충주시 엄정면 내창로 191
우림정원,010-4655-5006,서비스업,충주시 엄정면 삼실길 42
월악산허니,NULL,농업,충주시 엄정면 갈매기길 12-6
유일환카써비스,NULL,서비스업,충주시 엄정면 내창로 199-2 
이화의원,043-852-0280,보건업,충주시 엄정면 미내리 154-15
종합화장품,043-852-5368,소매,충주시 엄정면 내창로 186
주치한의원,NULL,보건업,충주시 엄정면 내창안길 8
㈜형제푸드시스템,043-852-7133,도매업,충주시 엄정면 논동옥성길 159
트렌디파머,NULL,농업,충주시 엄정면 용산리 494
153짐앤필라테스,NULL,서비스업,"충주시 계명대로 244, 3층 (연수동)"
153피트니스앤필라테스,NULL,서비스업,"충주시연수서편2길25, 3층 (연수동,충주관광호텔)"
3M카케어센터,043-857-7114,서비스업,충주시 갱고개로 188-1
Comfri시스템,043-842-0079,서비스,"충주시 계명대로 236, 1층(연수동)"
i-클래식음악학원,043-857-8787,서비스,"충주시 연수동산로4길 38, 2층 (연수동)"
WID영어교습소,438477922,서비스업,"충청북도 충주시 금릉로 101, 101-102 (연수동)"
가온노래연습장,NULL,서비스업,"충주시 국원대로 192, 지하1층 (연수동)"
가온누리외국어학원,NULL,서비스업,"충주시 연수동산로 4길1 (연수동,3층)"
가인동물병원,043-844-2223,서비스업,충주시 계명대로 155 (연수동)
간판없는삼겹살 충주점,NULL,일반음식,충주시 연수상가길 4 (연수동)
강병주 Total golf,043-848-2070,서비스업,"충주시 갱고개로 159, 4층 (연수동)"
강산 브이아피 짐(VIP GYM),043-852-2622,서비스업,"충주시 예성로 320, 2층 213호 (연수동)"
강성주복싱클럽,043-856-4114,서비스업,"충주시 예성로 312 (연수동, 3층)"
강영숙미용실,043-842-8208,서비스업,충주시 연수서2길 18-1 (연수동) 
거북당구장,043-842-3949,서비스업,충주시 연수동산로6길 15 (연수동)
거북이운동언어심리센터,043-848-5526,서비스업,"충주시 동수2길 45, 3층 (연수동)"
건선족욕카페,NULL,서비스업,충주시 연수서3길 12 (연수동)
경희사상한의원,043-852-2331,보건업,충주시 계명대로 233 (연수동)
경희연한의원,043-856-7513,보건업,"충주시 갱고개로 214, 2층 (연수동)"
고려연수체육관,043-852-3500,서비스업,충주시 연수동산로 7 (연수동) 
공원노래방,NULL,서비스,"충주시 연수상가2길 3, 2층(연수동)"
공원밥집,043-848-6153,음식,충주시 금곡로 31 (연수동)
과학전문교습소,043-844-6504,서비스업,"충주시 국원초5길 32, 2층 (연수동)"
광당구장,NULL,서비스업,"충주시 연수상가길36, 201호 (연수동)"
교촌치킨 연수점,043-853-3533,음식,"충주시 갱고개로 154-1, 1층 (연수동)"
교현카종합상사,043-851-2262,서비스업,충주시 동수6길 9 (연수동)
구은헤어샵,NULL,서비스업,"충주시 연수서편2길 15, 102호 (연수동)"
굴렁쇠,043-842-3392,음식,"충주시 연수서편1길 1, 1층 (연수동)"
굿모닝연합의원,043-845-8836,서비스업,충주시 예성로 392 (연수동)
굿모닝치과,043-855-2275,의료서비스,충주시 예성로 392 (연수동)
궁노래연습장,NULL,서비스업,충주시 갱고개로 231 (연수동)
권명진음악학원,043-851-9906,서비스업,"충주시 예성로 396, 3층 (연수동)"
그루스터디카페 충주연수센터,010-4645-0821,서비스업,"충주시 연수동산로 2, 제4층 401,402호  (연수동, 골드프라자)"
그린빌스크린골프,010-2830-3103,서비스업,"충주시 계명대로 251, 403호 (연수동,골드프라자2차)"
그린세탁소,NULL,서비스업,"충주시 연수서편2길11, 상가동 202호 (연수동,충주센트럴푸르지오)"
그린위생산업,043-848-2941,서비스업,충주시 연원3길 4 (연수동)
그린헬스피아,010-6779-5556,서비스업,"충주시 번영대로 121, 3층 (연수동)"
글라스틴트충주연수점,NULL,서비스업,"충주시 금봉대로 605, 다동 1층 (연수동)"
글벗책방,043-844-5313,소매,"충주시 연수로 63, 103호 (연수동)"
금메달이용원,043-844-3993,서비스업,"충주시 예성로 320, 1층 110호 (연수동)"
금성세탁소,NULL,서비스업,"충주시 예성로 401, 105호 (연수동)"
"김가현미용실, 케어셀라충주점",043-848-0587,서비스업,"충주시 연수로20, 105호 (연수동)"
김성화헤어,NULL,서비스업,충주시 번영대로 182 (연수동)
김아영피부관리실,043-852-1468,서비스업,"충주시 연수로1길 10, 상가동 203호 (연수동)"
김앤권병원,043-848-1123,보건업," 충주시 번영대로 222, 1층 그린상가 (연수동)"
김정란헤어클럽,043-857-3111,서비스업,충주시 예성로 399 101 (연수동)
김종지음악학원,043-846-6321,서비스업, 충주시 국원초2길 26 2층 (연수동)
김현정헤어,043-856-3669,서비스업," 충주시 국원대로 171, 상가 101호 (연수동)  "
김화자본가,NULL,음식,충주시 연수로1길 9-1 (연수동)
깍순이헤어샵,043-857-3569,서비스업,충주시 금곡로 49 (연수동)
깜장새치미용실,043-844-2303,서비스업,"충주시 금곡로 49-3, 102 (연수동)"
꼬나네미장원,043-844-7380,서비스업,충주시 연수상가길 40-1 (연수동)
꽃쟁반,043-857-0322,음식,"충주시 연수동산로6길 6, 2층 (연수동)"
꽤좋은미용실,NULL,서비스업,충주시 연원5길 45 (연수동)
꿈에 그린 개,043-852-2128,서비스업,"충주시 동수5길 15, 1층 (연수동)"
나나뷰띠끄&10TAN충주점,NULL,서비스,충주시 갱고개로 159 (연수동)
나눔슈퍼,043-848-2030,소매,충주시 국원대로 128 (연수동)
나비솔동원한의원,043-846-0202,보건업,"충주시 국원대로 180, 1층 (연수동)"
낙원세탁소,043-848-9845,서비스업,충주시 동수5길 25-3 (연수동)
남재만내과의원,438451339,보건업,충청북도 충주시 번영대로 182 (연수동)
남한강김치충주영업소,438518439,도소매,충청북도 충주시 연수동산로 12 (연수동)
내가진짜떡볶이다,438559103,음식점,충청북도 충주시 연수서2길 18-1 (연수동)
넝쿨클라이밍센터,010-5273-6894,서비스업,"충주시 국원대로 126, 1층 (연수동)"
네일데이,043-854-7231,서비스업,"충주시 연수동산로 24, 103-2호 (연수동,연수힐스테이트상가)"
네일빛나다,NULL,서비스업,"충주시 연수로1길 10, 109호 (연수동,연수아이파크상가)"
노벨스터디카페충주연수센터점,NULL,서비스업,"충주시 연수동산로 1, 3층 (연수동)"
놀숲충주연수점,043-844-3448,서비스업,"충주시 갱고개로 154-1, 2층 (연수동)"
누가의원,043-842-0460,보건업,"충주시 번영대로 111, 3층(연수동) "
다겸헤어,070-8865-8584,서비스업,"충주시 연수로 90, 1층 (연수동)"
다나아마취통증의학과의원,NULL,보건업,"충주시 계명대로 251, 203호 (연수동)"
다쉬헤어,043-846-4002,서비스,"충주시 연수동산로 35, 102호 (연수동) "
닥터송제통의원,043-848-9887,보건업,"충주시 번영대로 192, 3층 (연수동)"
"단,미쁘다",NULL,서비스업,"충주시 연수로2길 22, 1층 (연수동)"
단미,070-5123-8004,식품접객업,"충주시 연수로2길 20, 1층 (연수동)"
단수학하나영어학원,043-854-0008,서비스업,"충주시 연수서편1길 23, 3층 (연수동)"
단하나독서실,010-8024-3141,서비스업,"충주시 연수서편1길 23, 2층 (연수동)"
닭장수후라이드연수점,043-857-9911,음식,"충주시 연수동산로 7, 1층 (연수동)"
대동식품,043-855-4107,작물재배업,충주시 금곡서1길 19-11 (연수동)
대한태권도체육관,NULL,서비스업,충주시 연수서1길 15 (연수동)
대한합기도정명체육관,NULL,서비스업,충주시 예성로 319 (연수동)
더네일,043-843-9505,서비스업,"충주시 금곡로 5 (연수동,연수계룡리슈빌2 상가동 102호)"
더바디핏,NULL,서비스업,충주시 금봉대로 519 (연수동)
더블유헤어살롱,043-853-9002,서비스업,충주시 연수동산로3길 4 (연수동)
더살롱미가담,NULL,서비스," 충주시 연수동산로7길 1, 102호(연수동)  "
더예쁨,NULL,서비스업,"충주시 연수동산로 35, 301-104(연수동)"
더윤헤어,043-857-3579,서비스,충주시 연원7길 2 (연수동)
더착한전복,043-852-1544,음식,"충주시 연수동산로2길 2, 1층 (연수동)"
데오로,043-852-9600,서비스업,"충주시 계명대로 135, 2층 (연수동)"
데일리헤어(Dailyhair),NULL,서비스,"충주시 연수동산로 25, 2층 (연수동)"
도경헤어,NULL,서비스업,"충주시 국원초2길 18, 109호 (연수동)"
도예공방필,043-854-0049,소매,충주시 연원5길 26 (연수동)
동네방네대구막창,NULL,음식점,"충주시 갱고개로 170, (연수동)"
두리하얀이치과,043-854-8275,보건업,"충주시 번영대로 113, 2층 (연수동)"
두진세탁소,043-845-1421,서비스업,"충주시 연수로 7, 상가동 103호 (연수동)"
둘리알뜰종합주방,043-856-4489,도소매,"충주시 예성로 301, 외1필지 (연수동)"
듀레베이커리 연수점,043-854-5438,음식,충주시 연수동산로1길 2(연수동)
드림헤어,010-5683-1831,서비스업,"충주시 금곡로 31-1, 가동 202호 (연수동)"
드림헬스,070-4388-9927,서비스업,"충주시 계명대로 224 (연수동,봉황빌딩3층)"
디자인겐트,043-852-5525,기술서비스업,"충주시 연수동산로 35, 107호 (연수동)"
디짐,NULL,서비스업,"충주시 예성로 360, 3층(연수동)"
라라노래연습장,NULL,서비스업,충주시 갱고개로 145 (연수동)
라미꼬미용실,043-845-7588,서비스업,"충주시 예성로 399, 상가동 106호 (연수동)"
락큐노래연습장,043-846-6244,서비스업,"충주시 갱고개로 154, 4층(연수동)"
란쥬바이제이드레스,043-848-0363,서비스업,충주시 연수서편3길 26-9 (연수동)
레드미용실,NULL,서비스업,"충주시 계명대로 251, 106호 (연수동,골드프라자2차상가)"
로르뷰티스튜디오,010-8822-4279,서비스업,"충주시 연수서편2길11, 상가동 202호 (연수동,충주센트럴푸르지오)"
로이드밤(충주연수점),043-848-4117,서비스,"충청북도 충주시 계명대로 228, 2층 (연수동)"
로젠치과의원,NULL,보건업,충주시 번영대로 180 (연수동)
로즈헤어,NULL,서비스업,충주시 예성로 320 (연수동)
롯데칠성음료충주대리점 두리유통,NULL,도소매,충주시 연원16길 2(연수동)
롯데칠성충주대리점(두리유통),043-856-6274,도매업,충주시 연원16길 2 (연수동)
리드앤톡&와이즈멘토학원,NULL,서비스업,"충주시 계명대로 238,2층 (연수동)"
리베미용실,043-853-8748,서비스업,"충주시 예성로 399, 연수주공상가 202호 (연수동)"
리시안뷰티어스,043-842-6066,서비스업,"충주시 주공길 7, 207호 (연수동, 연수주공아파트상가)"
리안헤어충주점,043-857-0523,서비스업,충주시 갱고개로 154 (연수동)
리헤어,043-856-6170,서비스업,"충주시 연수서편2길 11, 상가동 203호 (연수동)"
릴라짐,NULL,서비스업,충주시 연수동산로 9(연수동)
릴바버샵,NULL,서비스,"충청북도 충주시 동수9길 2, 1층 (연수동)"
림미장원,043-856-8566,서비스업,"충주시 연수서편1길 7, 1층 (연수동)"
마이큐당구클럽,NULL,서비스업,"충주시 연수동산로6길4, 2층 (연수동,허그빌)"
마이헤어정,043-855-9800,서비스업,"충주시 갱고개로 147, 1층 (연수동)"
마크파이브,043-855-3084,서비스업,충주시 예성로 311 (연수동)
만수당,043-848-5168,서비스업,충주시 동수5길 6 (연수동)
만원머리염색전문미용실,043-844-5355,서비스업,충주시 연원5길1 (연수동)
맛있는황제족발,043-855-9945,음식,"충주시 금릉로 91, 1층 (연수동)"
맥주와땅콩,NULL,음식,"충주시 금곡로 31, B동 108호 (연수동)"
머리여행,043-842-5402,서비스업,충주시 연원5길 35 (연수동)
멋쟁이헤어샵,043-844-6633,서비스업,충주시 동수 5길 26 (연수동)
모던필라테스,043-854-7853,서비스업,"충주시 갱고개로 177, 201호 (연수동)"
모아한의원충주점,043-856-7577,보건업,"충주시 번영대로 180, 102호 (연수동)"
무지개맥주,NULL,음식,충주시 연수동산로5길 20-1 (연수동)
문네일,NULL,서비스업,"충주시 연수로 65, 103호 (연수동)"
뮤뮤,043-855-2889,소매,"충주시 연수로 81, 나-104 (연수동)"
뮤직스피닝,043-857-4279,서비스업,"충주시 갱고개로 173, 3층 (연수동)"
미미미용실,NULL,서비스업,충주시 금곡로 79 (연수동)
미소헤어,043-843-9515,서비스업,"충주시 연수로 7 (연수동,두진상가105호)"
미스당구장,NULL,서비스업,"충주시 갱고개로 142, 2층(연수동)"
미스킨케어,043-856-5081,서비스업,충주시 연원1길 5 (연수동)
미스터안연수점,043-855-7272,서비스업,"충주시 연수동산로6길 15, 201호 (연수동)"
미스터피자,043-844-4322,음식,"충주시 갱고개로 184, 2층 (연수동)"
미호하다,1098994062,서비스업,충청북도 충주시 연수동산로 1길 7 (연수동)
민들레한의원,043-852-6006,의료서비스,충주시 예성로 392 (연수동)
민희세탁소,043-844-2916,서비스업,"충주시 번영대로 118, 상가동 211호 (연수동,세원아파트)"
박서원점핑앤번지피지오,NULL,서비스업,"충주시 갱고개로 173, 2층 (연수동)"
박준뷰티랩 충주점,043-845-8680,서비스업,"충주시 갱고개로 150, 201호 (연수동)"
밝은방사진관,010-6220-1619,서비스업,"충주시 예성로 399, 상가동 206호 (연수동,연수주공5단지아파트)"
뱃살공주,043-856-0322,음식,"충주시 연수동산로6길 8, 1층 (연수동)"
버금새우(연수점),043-845-8245,음식,충주시 번영대로 217(연수동)
범강빌딩,043-852-2535,서비스업,"충주시 금곡서2길 12, 2층 (연수동)"
베니스튜디오,043-844-7707,서비스업,"충주시 계명대로 131, 3층 (연수동)"
베로니카 신경외과,043-843-0022,의료서비스,충주시 연수동산로2길 1 (연수동)
베스킨라빈스 충주국원점,043-856-3113,음식,충주시 연수동산로4길 1 (연수동)
베스트의원,043-856-1282,보건업,충주시 갱고개로 219 (연수동)
베이비스튜디오 위드,043-845-4726,서비스업,충주시 갱고개로 146 (연수동)
벨라지오,438450355,숙박,충청북도 충주시 연수상가3길 10 (연수동)
보광한의원,043-845-1747,의료서비스,충주시 갱고개로 175 (연수동)
보니타에스테틱,043-854-1523,서비스업,충주시 연수동산로4길 32 (연수동)
보보스헤어,043-856-0855,서비스업,"충주시 연수동산로2, 2층 201호 (연수동 골드프라자)"
본주짓수충주,043-846-0500,서비스업,"충주시 예성로 404-4, 202호 (연수동)"
본헤어샵,043-856-4678,서비스업,충주시 연수동산로 26 (연수동)
봄이오다스튜디오,043-843-5599,서비스업,"충주시 갱고개로 175, 5층 (연수동)"
부엉스,070-8901-1349,음식,충주시 동수1길 24 (연수동)
북해도,043-857-8899,음식,충주시 갱고개로 173 (연수동)
불끈낙지 충주점,043-857-5952,음식,"충주시 금봉대로 598, 2층 (연수동)"
불맛야식,438485757,일반음식,충청북도 충주시 번영대로 158 (연수동)
뷰티호텔,0507-1376-3301,서비스업,"충주시 연수서편2길 29-1,1층(연수동)"
브로드웨이,043-854-5580,서비스업,충주시 국원대로 180 (연수동)
블리스헤어룸,NULL,서비스업,"충주시 동수2길 29-1, 1층 (연수동)"
비비헤어살롱,NULL,서비스," 충주시 연수동산로4길 1, (연수동)"
비에이블스터디카페,NULL,서비스,"충주시 연수동산로 11, 3층 (연수동)"
빈스팜 커피바리스타 학원,043-848-1948,서비스업,"충주시 연수동산로1길 2,3층 (연수동)"
빨간머리앤,070-8840-3814,서비스업,충주시 갱고개로 231 (연수동)
뿔리토크린,043-851-1253,서비스업,충청북도 충주시 연수동산로3길 15 (연수동)
쁘띠헤어,043-845-0946,서비스업,충주시 국원초 5길 25 (연수동)
사라필라테스,043-856-3363,서비스업,"충주시 동수2길 48, 승민빌딩 2층 (연수동)"
사랑이용원,043-843-4624,서비스업,충주시 연원5길 5 (연수동)
사임당머리염색본점,NULL,서비스업,"충주시 예성로 410, 102호 (연수동)"
살롱라벨르,043-846-1779,서비스업,"충주시 금곡로5, 101호 (연수동)"
삼성세탁소,043-842-8116,서비스,충주시 국원초2길 18 (연수동)
삼성수선,NULL,서비스,"충주시 국원초2길 18, 106호 (연수동)  "
새봉헤어,043-857-5888,서비스업,"충주시 예성로 350, 104호 (연수동)"
샐비아미용실,043-842-1333,서비스업,"충주시 예성로 399, 주공4,5단지 1층 (연수동)"
생활맥주,NULL,음식,충주시 연수동산로1길 9 (연수동)
샵블랑(#BLANC),NULL,서비스,"충주시 갱고개로 210, 2층 (연수동)"
서연헤어,NULL,서비스업,"충주시 연수로 63, 103호 (연수동)"
세종정형외과,043-842-8776,보건업,충주시 국원대로 184 (연수동)
센트럴세탁소,043-854-1199,서비스업,"충주시 연수서편2길 11, 208호 (연수동)"
손수카케어 2호점,010-5388-1995,서비스업,"충주시 연수서편1길 1, 1층 (연수동)"
솔에듀학원,043-854-1458,서비스업,"충주시 계명대로 237,3층 (연수동)"
수노래연습장,043-848-6333,서비스업,충주시 예성로 408 (연수동)
수스킨케어,043-853-0055,서비스업,충주시 연원로 33 (연수동)
수요가앤플라잉,043-847-8858,서비스업,"충주시 계명대로 215, 3층 (연수동)"
수작현헤어,043-846-1779,서비스업,"충주시 금곡로 5, 101호 (연수동)"
수정목욕탕,043-843-5500,서비스업,충주시 예성로 335 (연수동)
수정형외과의원,043-842-6500,보건업,충주시 번영대로 176 (연수동)
술기로운생활,NULL,음식,충주시 연수로 65 1층 (연수동)
슈퍼스타키즈&이벤트,NULL,서비스,"충주시 국원대로 166, 101-701 (연수동, 임광아파트)"
슈퍼크린빨래방,NULL,서비스업,충주시 연수서편1길 35-5
스카이멀티카,043-910-0033,서비스업,충주시 금봉대로 740 (연수동)
스카이플러스스포츠,043-845-4202,서비스업,"충주시 계명대로 265, 가동 (연수동)"
스타덤 피씨방,070-8676-8848,서비스업,"충주시 번영대로 211, B113호 (연수동)"
스타체형관리,010-2392-2130,서비스업,"충주시 계명대로 231, 301호 (연수동)"
스트라이크존충주연수점,NULL,서비스업,"충주시 연수동산로5길27, 202호 (연수동,류림빌딩2층,3층)"
스티일헤어샵윰,043-842-9079,서비스업,"충주시 금곡로 5, 106호 (연수동)"
스팟어학원,043-910-1910,서비스업,"충주시 연수동산로 23, 2층 (연수동)"
시너지플레이스충주연수점,0507-1367-4377,서비스업,"충주시 갱고개로 175-1, 2층 (연수동)"
시매쓰충주학원,043-845-3455,서비스업,"충주시 연수동산로 1, 4층2호 (연수동,찬휘빌딩)"
신나는 꾸러기 방방,NULL,서비스업,"충주시 국원초4길 19, 1층 (연수동)"
신승준내과,043-845-7100,서비스업,충주시 계명대로 253 (연수동)
신크리스탈헤어,043-856-7478,서비스업,충주시 주공길 6 (연수동)
신한일세탁소,043-852-2476,서비스업, 충주시 연원15길 13 (연수동) 
신혜스킨,043-852-8856,서비스업,"충주시 동수2길22, 1층 (연수동)"
심수민헤어,043-851-4220,서비스업,"충주시 주공길 10, 101호 (연수동)"
썬헤어샵,043-855-8757,서비스업,충청북도 충주시 연원1길 19 (연수동)
쑤야뷰티,070-8803-0601,서비스업,"충주시 계명대로 218, 2층 201호 (연수동)"
씨엘오토스파샵(셀프세차장),043-851-6978,서비스업,충주시 금봉대로 572 (연수동)
씨엘헤어,043-856-9255,서비스업,충주시 칠금18길 32-1 (연수동)
씨유충주연수씨티점,NULL,소매,충주시 동수8길 19 (연수동)
씨제이스크린골프존,043-845-7000,서비스업,충주시 연수서2길 5 (연수동)
씽씽노래연습장,043-857-6537,서비스업,"충주시 갱고개로 154-1, 3층 (연수동)"
아도나이헤어,010-2422-9437,서비스업,"충주시 연수서편3길 9, 1층 2층 (연수동)"
아름다운헤어갤러리,043-851-0295,서비스업,충주시 연수서2길 16 (연수동)
아성자동차정비공업사,043-842-4004,서비스,충주시 연수상가4길 18 (연수동)
아이로사,010-6420-1110,서비스업,"충주시 연원로 33, 2층(연수동)"
아이린헤어갤러리,043-857-7997,서비스업,충주시 금곡서1길 2 (연수동)
아이엠독서실,043-855-0093,서비스업,충주시 금봉대로 747 (연수동)
아이점핑줄넘기클럽,043-856-0328,서비스업,"충주시 연수로 7, 3층 2,3호 (연수동)"
아이튼튼합기도예도관,043-855-3332,서비스업,"충주시 예성로 380, 2층 (연수동)"
아이파크세탁소,043-857-3700,서비스업,"충주시 연수로1길10, 111호 (연수동,연수아이파크상가)"
아이파크해법영어,NULL,서비스,"충청북도 충주시 연수로1길 12, 106동 101호 (연수동, 연수아이파크)"
아인헤어샵,043-845-6465,서비스,충주시 번영대로 182 (연수동)
애플노래연습장,043-846-7400,서비스업,충주시 연원로 34 (연수동)
어반그라운드헤어,043-856-1800,서비스업,"충주시 번영대로 216,2층 (연수동)"
어반에스테틱,043-855-3330,서비스업,"충주시 연수서편2길 11, 209호 (연수동)"
얼음과자아이스크림할인연수점,NULL,도소매,충주시 연원로 2 (연수동)
에듀맥피아노교습소,043-842-1122,서비스업,충주시 연원5길 37 (연수동)
엠 제이헤어모드,043-856-20,서비스업,충주시 동수5길 20 (연수동)
엠제이뷰티아카데미미용학원,070-7744-0601,서비스업,"충주시 계명대로 218, 2층 (연수동)"
여우한의원,043-845-7530,보건업,"충주시 연수동산로 2 (연수동, 골드프라자2층 203호)"
연세국제어학원,043-847-1179,서비스업,"충주시 연수동산로 4길 44, 2층 (연수동)"
연세미소치과의원,043-844-5275,보건업,"충주시 연수동산로 14,201호 (연수동)"
연세안과,043-845-8228,보건업,충주시 번영대로 190 (연수동)
연수세탁편의점,043-852-2587,서비스,"충주시 주공길 10 (연수동, 주공2단지아파트)"
연수수가성,NULL,음식, 충주시 연수동산로5길 21 (연수동)
연수요가남성전용2호점,043-856-7658,서비스업,"충주시 연수상가2길19, 3층 (연수동)"
연수의원,043-855-0226,보건업,"충주시 주공길 10, 상가동 201호 (연수동)"
연수점현대자동차,043-848-8482,서비스업,충주시 국원초 5길 49 (연수동)
연정헤어,NULL,서비스업,충주시 연원10길 28-1 (연수동)
열정에듀학원,043-851-1107,서비스업,"충주시 계명대로 248, 201호 (연수동)"
영종세탁소,043-852-4138,서비스업,"충주시 동수3길9, 1층 (연수동)"
영진 노래 연습장 ,043-845-0708,서비스업,충주시 연수로 89 3층
예 드림 라이프,043-852-4403,서비스업,"충주시 연원10길 25, 1층(연수동)"
예가부부한의원,043-842-6300,의료서비스,"충주시 계명대로 220, 2, 3층 (연수동)"
예쁜네일,010-8428-9288,서비스업,충주시 칠금 18길 30
예성비뇨기과의원,043-855-7582,보건업,"충주시 갱고개로 184, 3층 (연수동)"
예인노래방,NULL,서비스,충주시 연수동산로5길 21 (연수동)
예일공인중개사사무소,043-848-7733,부동산중개업,"충주시 계명대로 251, 111호 (연수동)"
옐로우버드,043-942-7775,서비스업,"충주시 국원초3길 31, 102호 (연수동)"
오렌지문구,NULL,소매,충주시 연수동산로4길 36 (연수동)
오모이데요코초,438428200,음식,충청북도 충주시 연수동산로2길 16-4 (연수동) 오모이데요코초
오슈,NULL,서비스업,충주시 동수2길 17 (연수동)
오토오아시스지에스충주연수점,043-852-0982,서비스업,충주시 금곡로 61 (연수동)
온짐,010-6432-1207,서비스업,"충주시 갱고개로 161, 1층 (연수동)"
와이제이마마테라피,NULL,서비스업,"충주시 계명대로 236, 4층 (연수동)"
"요가,온유",NULL,서비스업,"충청북도 충주시 번영대로 210-1, 4층 (연수동)"
요가로 ,043-854-5368,서비스업,"충주시 연수동산로7길 2, 2층 (연수동)"
요니골프아카데미,NULL,서비스업,"충주시 연수서편2길 29-1, 2층 (연수동)"
용인대석사리라태권도,043-842-4233,서비스업,"충주시 예성로 396, 4층 (연수동)"
용인대이충현태권도장,NULL,서비스업,"충주시 계명대로 238, 3층 (연수동)"
용인대중앙태권도,NULL,서비스,충주시 연원6길 2 (연수동)
우두머리헤어샵,043-854-5351,서비스업,충주시 번영대로 134 (연수동)
우리골프클럽,043-855-4254,서비스업,"충주시 연수동산로3길 20, 지하 (연수동)"
우종희부동산,010-2228-3161,부동산,충주시 금곡서1길 16 (연수동)
원당구클럽,043-851-0979,서비스업,"충주시 갱고개로 163, 2층 (연수동)"
원필라테스,043-854-4204,서비스업,"충주시 연수서편2길 11, 210호 (연수동)"
월드스크린,NULL,서비스업,"충주시 연원로 27-13, 2층 (연수동)"
웰케어특수발달재활센터충주점,043-856-2355,서비스업,"충주시 연원로 39, 2층 (연수동)"
위너타이어,043-855-0777,도소매,충주시 예성로 414 (연수동)
위즈뷰,010-8289-1480,서비스,충주시 동수1길 33 (연수동)
위치커피씨네큐점,438562550,음식,"충청북도 충주시 번영대로 211, 1층 122호 (연수동)"
유니나클린,043-851-9783,서비스업,"충주시 주공길10, 204호 (연수동,연수주공상가)"
유니베라예성영업국,NULL,도소매,충주시 연수동산로6길 8 (연수동)
유원세탁,043-843-7251,서비스,"충주시 갱고개로 114, 201 (연수동)"
유한회사 신유개발,043-846-1891,서비스업,"충주시 번영대로 211, 3층 (연수동)"
윤용환치과의원,043-851-6619,의료서비스,충주시 번영대로 111 (연수동)
윤치과의원,043-844-1627,보건업,충주시 계명대로 233 (연수동)
윤헤어,043-855-3242,서비스업,"충주시 국원대로 172, 상가동 202호 (연수동)"
은바리네일,NULL,서비스업,"충주시 연수서편2길 15, 1층 (연수동)"
은하세탁소,043-842-0300,서비스업,충주시 금곡로 49 (연수동)
은헤어,043-844-5025,서비스업,"충주시 예성로 352, 201호 (연수동,연수주공@상가)"
은희헤어아트,438512694,서비스,충청북도 충주시 번영대로 138 (연수동)
이강한방병원,NULL,보건업,충주시 번영대로 109 (연수동)
이로제과,010-7527-6056,음식,충주시 금릉로 89-1 (연수동)
이마트24 충주연수 계룡점,043-853-8323,도매업,충주시 연원로 33 (연수동)
이미정헤어샵,x,서비스업,충주시 연원11길 22 남양주택74호 (연수동)
이미희헤어,043-844-8024,서비스, 충주시 연수동산로 38 (연수동)
이쁘게헤어,NULL,서비스업,충주시 갱고개로 116 (연수동)
이수연헤어,043-854-3421,서비스업,"충주시 국원초 1길 57, 1층 (연수동)"
인식자동차공업사,043-854-8159,서비스업,충주시 동수2길 29(연수동)
인테그럴학원,043-856-1950,서비스업,"충주시 연수동산로 3길20, 4층 (연수동,대명빌딩)"
인플란트치과,043-842-7528,보건업,"충주시 연수동산로2길 1, 4층 (연수동)"
일품축산,NULL,도소매,"충주시 금릉로 77, 1층 101호(연수동)"
임대준이비인후과의원,NULL,서비스업,"충주시 계명대로 227, 2층 (연수동,동남빌딩)"
점프쑥쑥줄넘기연수점,043-856-6858,서비스업,"충주시 국원초5길 49, 2층 (연수동)"
정순남헤어샵,043-842-3022,서비스업,"충주시 응골2길23, 101호 (연수동)"
제니스헤어,010-9455-0531,서비스업,"충주시 예성로 392, 1층  (연수동,롯데프라자)"
제이스킨앤바디,010-2085-6457,서비스,충주시 금곡서2길 2(연수동)
제이앤에스엔지니어링,NULL,서비스업,충주시 막은대미재길17 (연수동)
제이탄츠,NULL,서비스업,충주시 연원로 1 (연수동)
제일안과의원,043-842-1001,의료서비스,"충주시 계명대로 239, 3층 (연수동)"
제일연합정형외과의원,043-842-0810,보건업,"충주시 갱고개로 219, 2층 (연수동)"
제일치과의원,NULL,보건업,"충주시 갱고개로 219, 3층 (연수동)"
젠실내골프연습장,043-852-0752,서비스업,"충주시 금봉대로 598, 3층 (연수동)"
젤라뷰티크왁싱앤브로우,043-848-0777,서비스업,"충주시 연수동산로 5길 35, 202호 (연수동)"
조이플레이방방,NULL,서비스업,충주시 연수로 36 (연수동)
죠스실내낚시카페,043-847-7333,서비스업,충주시 국원대로 184 (연수동)
주공세탁소,NULL,서비스업,충주시 예성로 352 (연수동 주공상가 104호)
주니스헤어,043-856-5966,서비스,"충주시 응골2길 23, 2 (연수동)"
㈜세계여행사,043-845-8588,서비스업,충주시 계명대로 139 (연수동)  
주식회사팔팔풍천민물장어직판장,NULL,도매업,충주시 연수로 1길3 (연수동)
㈜애플,043-847-2200,서비스업,충주시 동수 11길 12 (연수동)
㈜충주스파,043-847-2233,서비스업,충주시 금곡로 43-10 (연수동)
쥬뎀헤어갤러리,043-844-7576,서비스,충주시 번영대로 117(연수동)
지앤비어학원,043-845-8205,서비스업,충주시 계명대로 252 국원빌딩 2층 (연수동)
진S헤어샵,NULL,서비스,충주시 동수11길 25 (연수동)
진달래피부관리,010-7676-2116,서비스업,충주시 연수동편2길 18 (연수동)
진흥안마원,043-852-7888,서비스업,충주시 국원대로 140-1 (연수동)
찬찬네일,NULL,서비스업,"충주시 연수로 81, 나동 104호 (연수동)"
참수학교습소,043-843-4020,서비스," 충주시 연수로1길 10,상가207호 (연수동)"
참피언탁구장,043-856-4380,서비스업,충주시 갱고개로 154 (연수동)
창성카공업사,043-852-8055,서비스업,충주시 계명대로 195 (연수동)
창의숲팩토수학교실,010-3695-2923,서비스업,충주시 국원초2길 20. 6동709호 (연수동)
천당구장,043-856-3949,서비스업,"충주시 갱고개로 150, 3층 (연수동)"
청담독서실,010-5494-7631,서비스업,충주시 연수동산로 2길 20 (연수동)
청담연세휴치과,043-848-2804,보건업,충주시 예성로 341 (연수동)
충주 누수 공사,043-854-8504,서비스업,충주시 연원1길 20 (연수동)
충주복싱타운,043-857-2600,서비스업,충주시 국원대로 206 (연수동)
충주부부영상의학과,043-855-0404,보건업,"충주시 계명대로 251 (연수동,골드프라자2차3층)"
충주분식,438479131,음식,충청북도 충주시 연수동 1098 (연수동)
충주숲필라테스,010-8222-2558,서비스업,"충주시 연원로 2-1, 2층 (연수동)"
충주에스한의원,043-844-9500,보건업,"충주시 번영대로 222, 2층 (연수동)"
충주온천,043-844-3356,서비스업,"충주시 연수서편2길 25, 201호,301호 (연수동)"
충주현대요양병원,043-857-8009,보건업,충주시 연수상가3길14 (연수동)
충주화제신문,043-856-4000,"출판,정보서비스업","충주시 예성로 323-1, 3층 (연수동)"
칼의달인,NULL,서비스업,"충주시 연원3길 6, 102호 (연수동)"
코지베이비(COZY)스튜디오,043-853-7704,서비스업,충주시 동수5길 15-1 (연수동)
퀸즈코스메틱,043-855-1660,소매,충주시 예성로 410 (연수동)
큐브,043-846-2227,서비스업,충주시 연수동산로 4길 38 (연수동)
크리스탈볼링쎈타,438529001,서비스업,충청북도 충주시 예성로 335 (연수동)
크린시아,043-855-5852,서비스업,"충주시 번영대로 134, 7호 (연수동 우림아파트상가)"
크린시아 계룡점,043-848-0754 ,서비스업,"충주시 연수동산로 12,106호 (연수동)"
크린시아연수점,043-855-5852,서비스업,"충주시 번영대로 138, 7호 (연수동,우림아파트상가)"
크린토피아코인워시충주연수센트럴푸르지오점,043-854-0060,서비스업,충주시 연수서편1길 13 (연수동)
크린팩토리,NULL,서비스,"충주시 금곡서2길 6, (연수동)"
킬러웨일,0507-1342-9395,서비스업,"충주시 번영대로 208, 2층 (연수동)"
태리살롱,NULL,서비스업,충주시 국원초5길 3-1 (연수동)
태후사랑,NULL,서비스,충주시 연수로 63 (연수동)
터보소닉10분운동샵,043-857-5488,서비스업,"충주시 예성로 392, 2층 (연수동)"
테크노노래연습장,043-848-6220,서비스업,충주시 금릉로 83 (연수동)
텐텐실내양궁연습장,010-8918-7106,서비스업,"충주시 동수5길 49, 2층 (연수동)"
토리헤어(연수점),043-845-5465,서비스업,"충주시 번영대로 211, 아토몰 201,202호 (연수동)"
토미치과의원,NULL,보건업," 충주시 번영대로 222, 3층 (연수동)"
트리탑영어학원,043-854-5353,서비스업,"충주시 연수동산로 3길 20, 4층 (연수동)"
튼튼영어 연수지사,NULL,소매,충주시 금봉대로 625 (연수동)
퍼스트치과,043-848-2875,보건업,충주시 연수동산로 47 (연수동)
평양칼국수,043-56-5969,음식,충주시 연원17길 21 (연수동)
포올석사태권도,043-848-0329,서비스,"충주시 연수로2길 2, 3층(연수동)"
포토온,NULL,서비스업,"충주시 연수동산로6길 22-8, 101호 (연수동)"
푸른체육관,043-848-7834,서비스업,충주시 연원로 39 (연수동)
프라이머리잉글리쉬,NULL,교육서비스,"충청북도 충주시 연수동산로 26, 109동 105호(연수동)"
프렌즈스크린골프힐링충주신연수점,043-852-0775,서비스업,"충주시 번영대로 211, 203~225호 (연수동,아트몰)"
프로미월드연수점,043-848-1137,서비스업,충주시 갱고개로 239 (연수동) 
프린스당구클럽,NULL,서비스업,충주시 연수상가4길 12 (연수동)
플라잉다온요가,NULL,서비스업,충주시 갱고개로 175-1 (연수동)
피아노숲음악교습소,NULL,서비스업,충주시 연수로1길 11 (연수동)
피아노스토리,438487214,서비스,"충청북도 충주시 연수로1길 10, 201호 (연수동)"
피움헤어,NULL,서비스업,"충주시 연수동산로3길 15, 102호 (연수동)"
피트미스,043-852-3773,서비스업,"충주시 갱고개로 162, 3층 (연수동,대진타워)"
필포토,043-847-1030,서비스업,충주시 연수동산로 12 (연수동)
핏투니스,NULL,서비스업,"충주시 연수상가1길 4, 4층 (연수동)"
하랑미장,043-847-1777,서비스업,"충주시 연원로 2-1, 102호 (연수동)"
하오하오 중국어,043-857-1222,서비스,"충주시 연수동산로 14, 상가302호 (연수동)"
하우스터디충주연수센터,NULL,서비스업,"충주시 연수서1길 15, 3층 (연수동)"
하우스터디충주연수센터독서실,043-845-1964,서비스업,"충주시 연수서1길 15, 3층 (연수동)"
하이레벨학원,043-843-7971,서비스업,"충주시 후곡길19 , 연수부강한우리@상가 204호 (연수동)"
한솔교육충주지사,043-846-4909,서비스업,충주시 계명대로 268 (연수동)
한아름알뜰매장,NULL,소매,충주시 국원대로 150 (연수동)
한아름헬스클럽,043-848-6322,서비스업,"충주시 금릉로 101, 지하 B-1(연수동 세원한아름상가)"
할리스커피충주연수점,NULL,음식,"충주시 계명대로 236, 1층(연수동)"
항맥 박상현 외과의원,043-857-7599,의료서비스,충주시 번영대로 111 (연수동)
해피세탁전문점,NULL,서비스,충주시 갱고개로 222 (연수동)
행복크린세탁소,NULL,서비스업,"충주시 동수5길 43, 상가101호 (연수동)"
헤어라움,NULL,서비스업,"충주시 동수 14길 7, 1층 (연수동)"
헤어린,NULL,서비스업,충주시 금곡서2길 11-1 (연수동)
헤어이끌림,043-856-6456,서비스,"충주시 연수로 81,상가 101, (연수동)  "
헤어지오,NULL,서비스업,"충주시 번영대로 118, 상가동 208호 (연수동)"
헤어터치,010-5314-2822,서비스업,"충주시 국원초2길 18, 1층 109호 (연수동)"
헤어팡,043-852-1003,서비스업,충주시 동수5길 32 (연수동 낙원아파트상가)
헤어헤어앤바디채현,043-854-7780,서비스업,"충주시 연수서편2길 11, 상가동 110호 (연수동)"
헤어홀릭,043-851-1616,서비스업,충주시 국원초2길 26 (연수동)
헤이헤어앤바디채현,043-854-7780,미용업,충주시 연수서편2길 11 상가동 110호  (연수동)
현과외,NULL,서비스업,"충주시 동수8길 10-1, 3층 (연수동)"
현대약국,043-845-7579,소매,충주시 예성로 392 (연수동)
형제세탁소,043-842-6548,서비스업,"충주시 번영대로 134 (연수동,우림상가12호)"
호수김밥연수점,043-857-3937,일반음식,충주시 연수로2길 2(연수동)
홍마담싸롱포차,438510780,음식,충청북도 충주시 연수상가길 37 (연수동)
홍이소아청소년과의원,043-854-2000,보건업,충주시 번영대로 232 (연수동)
화음음악학원,043-851-5884,서비스업,충주시 국원초5길33 (연수동)
화이트스킨케어,043-854-9983,서비스업,"충주시 동수2길 22, 프린스하우스 403호(연수동)"
화이트운동화&빨래방,043-846-3646,서비스,충주시 연수서편3길 33(연수동)
황수정헤어샵,043-852-3996,서비스업,"충주시 갱고개로 116, 유원아파트상가 102 (연수동)"
효에어샵,043-845-4556,서비스업,"충주시 금릉로 77, 1층 (연수동)"
후노래연습장,043-843-0660,서비스업,충주시 연수동산로 4길6 (연수동)
희스킨,NULL,서비스업,"충주시 연수동산로 35, 202호 (연수동)"
힐링디톡스족욕,438550719,서비스,충청북도 충주시 동수5길 21 (연수동)
힐스크리닝,NULL,서비스업,충주시 연수동산로 26 (연수동)
(주)탄금합동,043-847-3288,도매업,충주시 용산동 180 (용산동)
153복싱짐,010-6618-1828,서비스업,"충주시 형설로 62-13, 4층 (용산동)"
U2 PC,NULL,서비스업,충주시 용정7길 9 (용산동)
가람크리닝,043-847-0965,서비스업,충주시 용산로 31 (용산동)
가우디미술학원,NULL,서비스업,"충주시 형설로 97 (용산동,2층)"
가인헤어라인,043-841-0139,서비스업,충주시 용정7길 25 (용산동)
강남노래연습장,043-845-5533,서비스업,"충주시 금봉4길 5, 2층 (용산동)"
개인과외(정주용),1030431984,교육서비스,"충청북도 충주시 남산로 125, 207동 902호 (용산동, 용산주공(2)단지아파트)"
거기,NULL,음식,충청북도 충주시 용정2길 44 (용산동)
국가대표태권도장,043-855-7311,서비스업,"충주시 염밭로 62, 2층 (용산동)"
국제세탁소,043-852-4300,서비스업,충주시 남산로 125 (용산동)
그램그램용산점,043-857-9279,음식,충주시 남산로 84 (용산동)
금가오토바이,043-843-9546,서비스업,충주시 용정4길 19 (용산동)
금성자동차공업사,NULL,서비스,"충주시 남산로 43, 1층 (용산동)"
까끌까뽀끌까,043-845-6430,서비스업,충주시 용산로 24-2 (용산동)
꼼꼼수학교습소,043-853-0545,서비스,충주시 금봉5길 3 (용산동)
나나네일,NULL,서비스업,충주시 형설로 106 (용산동)
네일212,NULL,서비스업,충주시 형설로 72-1 (용산동)
네일블러썸,NULL,서비스업,충주시 금봉3길 14-1 (용산동)
네일은소유,010-2431-4516,서비스업,"충주시 용산로 16, 1층 (용산동)"
다빈치당구클럽,NULL,서비스업,"충주시 금봉4길6, 3층 (용산동)"
단장,043-857-9022,서비스업,충주시 염밭로 79-1 (용산동)
대추나무한의원,043-847-7799,의료서비스,충주시 형설로 97 (용산동)
더꾸밈,043-844-9880,서비스업,충주시 용정7길11 (용산동)
동양세탁소,043-857-3352,서비스,"충주시 남산로 116, 2층 206호 (용산동)"
동원광택,043-853-6433,서비스업,충주시 형설로 69 (용산동)
동일하이빌세탁,NULL,서비스업,"충주시 염밭로 10, 104호 (용산동,남산동일하이빌상가)"
디모레,NULL,서비스업,충주시 거룡1길 26 (용산동)
라벤다헤어,NULL,서비스,충주시 금봉7길 16(용산동)
라인헤어,NULL,서비스업,"충주시 용산로 31, 1층 (용산동)"
레드카펫미용실,043-848-1259,서비스업,충주시 용산로 24-1 (용산동)
로즈마리,043-856-0639,서비스업,충주시 남산4길 15 (용산동)
마디정형외과의원,043-854-7582,보건업, 충청북도 충주시 형설로 98 (용산동)
머리를조각하는사람들,043-842-2978,서비스업,충주시 용산로 32 (용산동)
머리하기좋은날,043-843-5026,서비스업,충주시 거룡4길21 (용산동)
멋진남자,043-854-1943,서비스업,"충주시 남산로 107, 1층 (용산동)"
모른,1056853001,음식,"충청북도 충주시 형설로 78-6, 101호 (용산동)"
뮤즈헤어클럽,043-845-5147,서비스업,충주시 형설로 75 (용산동)
미소홈케어,NULL,서비스업,"충주시 염밭로 59, 가동 101호 (용산동)"
미앤미헤어,043-845-0533,서비스업,"충주시 형설로 106, 203호 (용산동)"
민세진헤어,NULL,서비스업,"충주시 용정4길 3-1 (용산동,1층)"
민스킨케어,043-856-4336,서비스업,충주시 용산로 7 (용산동)
민앤진헤어,438562153,서비스,충청북도 충주시 형설로 71 (용산동)
박혜리,NULL,서비스,"충주시 염밭로 13, 107동 902호 (용산동,푸르지오3차)"
벨리시모,043-854-6686,서비스업,"충주시 금봉9길 4, 101호 (용산동)"
뷰티풀샵,043-845-7877,서비스업,"충주시 염밭로 60, 2층 (용산동)"
"블랑,헤어살롱",NULL,서비스업,"충주시 금봉4길 8-9, 1층 (용산동)"
빈스킨케어,043-844-2276,서비스업,충주시 형설로 103 (용산동)
뽐네일,NULL,서비스업,"충주시 남산로 43, 1층 (용산동)"
서울가정의학과의원,070-4923-3492,의료서비스,충주시 남산로 74 (용산동)
소유,NULL,서비스업,"충주시 금봉9길 24, 1층 (용산동)"
수풀림수학학원,NULL,서비스업,"충주시 염밭로 75, 1층 (용산동)"
수피아속눈썹,NULL,서비스업, 충주시 거룡2길 46 (용산동)
순헤어,043-845-6180,서비스업,충주시 금봉4길 14-1 (용산동)
"쉼,네일",NULL,서비스업,"충주시 염밭로 13, 상가동 101호 (용산동)"
스파휴,043-857-6100,서비스업,충주시 형설로 62-9 (용산동)
시너지학원,043-857-0443,서비스업,충주시 남산로 90 (용산동)
신쌤수학교습소,043-848-0020,서비스업,"충주시 형설로 96, 201호 (용산동)"
신전떡볶이용산점,NULL,일반음식,충주시 형설로 89 (용산동)
심희준 내과의원,043-856-7575,의료서비스,충주시 남산로 73 (용산동)
쓰리에이라이브러리,010-9953-3752,서비스업,충주시 남산로 66 (용산동)
아부찌 용산점,043-846-7789,즉석판매가공업,충주시 남산로 107 (용산동)
아셀헤어샵,043-848-3845,서비스업,충주시 염밭로 83-1 (용산동)
아임베스트학원,NULL,서비스업," 충주시 형설로 95 (용산동, 3층)"
앨리스헤어살롱,NULL,서비스,"충주시 용산로 33, 303동 106호(용산동)"
엄마밥집,438432977,음식,충청북도 충주시 용정8길 7 (용산동)
에스제이에스테틱,043-843-4927,서비스업,"충주시 금봉5길 11, 101호 (용산동)"
에이원영어,043-843-1551,서비스업,"충주시 동촌7길 7, 2층 (용산동)"
연세산부인과,043-854-3350,보건업,충주시 예성로 128 (용산동)
염똥이네수제간식,010-5774-7464,서비스업,"충주시 거룡2길 75, 1층 (용산동)"
영광태권도,043-854-0289,서비스업,충주시 거룡2길 44 (용산동) 
영진세탁소,010-4420-6209,서비스업,충주시 용산로 31-1 (용산동)
영진장목욕탕,043-851-0111,서비스업,충주시 용정4길 7-1 (용산동)
영진헤어샵,043-851-1046,서비스업,충주시 용정2길 24 (용산동)
예사랑염색방,438433765,서비스업,충청북도 충주시 형설로 103(용산동)
예성탁구클럽,043-842-4023,서비스업,충주시 형설로 98 5층 (용산동 무릉빌딩)
온나노피부관리실,043-848-3125,서비스업,충주시 거룡2길 74 (용산동)
요가로움스튜디오,NULL,서비스업,"충주시 형설로 58, 2층 (용산동)"
용산노래연습장,010-5112-3908,서비스업,충주시 거룡6길 20 (용산동)
용산동물병원,NULL,서비스,충주시 형설로 54-11 (용산동)
용산의원,043-842-8275,보건업,충주시 거룡2길 78 (용산동)
우리피아노교습소,043-853-6556,서비스,"충주시 남산로 114, 202호 (용산동)"
유림세탁소,043-852-1330,서비스업,"충주시 남산로 100, 1층 (용산동)"
유세영내면미용,NULL,서비스업,"충주시 금봉4길 8-9, 2층 (용산동)"
유정헤어,043-910-2258,서비스업,"충주시 남산로 93, 2층(용산동)"
윤플라임스튜디오,010-6368-0923,서비스업,"충주시 금봉4길 13, 2층 (용산동)"
이광주스튜디오,043-852-4410,서비스업,충주시 형설로 115 (용산동)
이루네음악학원,043-856-8042,서비스업,"충주시 용산로 33, 203호 (용산동 영진보람@상가)"
이뻐질래,NULL,서비스업,"충주시 거룡2길 65, 1층 (용산동)"
이정희헤어카페,NULL,서비스업,충주시 금봉3길 14-1 (용산동)
이진헤어,NULL,서비스업,"충주시 용산로 30, 1층 (용산동)"
이플란트치과의원,043-844-2228,보건업,"충주시 형설로 98, 2층 (용산동)"
이화미용실,043-847-3345,서비스업,충주시 금봉1길 48 (용산동)
일오삼피트니스앤필라테스,0507-308-2050,서비스업,"충주시 형설로 98, 4층,5층 (용산동)"
작당당구장,010-8836-8109,서비스업,"충주시 금봉1길 48, 2층 (용산동)"
쟈스민헤어,010-8842-3318,서비스업,"충주시 염밭로 10, 103호 (용산동)"
점핑엔젤스,043-848-0012,서비스업,"충주시 염밭로 91 ,3층 (용산동 대림아파트 상가)"
정갈한반찬&디저트,043-855-9207,소매,충주시 남산로 39 (용산동)
정문이발,NULL,서비스업,충주시 남산로 97 (용산동)
정씨화방,043-843-9840,소매,충주시 예성로 131 (용산동)
정일품학원,010-5481-9561,서비스업,충주시 거룡1길37 (용산동)
제이필라테스앤줌바스튜디오,043-855-0025,서비스업,충주시 형설로 98 (용산동)
제일상사,NULL,서비스업 ,충주시 거룡4길 7 (용산동)
조아라조아미용실,043-846-5469,서비스업,충주시 용정4길 11 (용산동)
족욕마당,NULL,서비스업,"충주시 용정7길 21-1, 1층 (용산동)"
좋은사람,NULL,일반음식,충주시 용정7길 2(용산동)
주라헤어,043-853-3336,서비스업,"충주시 형설로 54-5, 601동102호 (용산동,우암골드빌)"
주식회사씨씨에스충북방송,043-850-7000,서비스업,충주시 예성로 114 (용산동)
지보라,NULL,소매,충주시 용산로 11 (용산동)
진네일,043-912-9112,서비스업,충주시 용정7길 13 (용산동)
진수학교습소,NULL,서비스업,충청북도 충주시 용산로 40 (용산동)
쩡스뷰티,043-857-8733,서비스업,"충주시 금봉7길 16, 1층 (용산동)"
천사카랜드 정비공업사,043-848-1004,서비스업,충주시 거룡13길 17-1 (용산동)
천상스킨케어,043-855-3117,서비스업,"충주시 용정2길 40, 201호 (용산동)"
청랑피아노,043-855-7711,서비스,"충청북도 충주시 염밭로 10 201호(용산동, 남산동일하이빌상가)"
청율헤어,043-723-2555,서비스업,"충주시 염밭로 15, 102호 (용산동)"
체리헤어샵,043-845-1428,서비스업,충주시 염밭로 81 (용산동)
충주시 로컬푸드사업단농업회사법인㈜,043-845-4893,농업,충주시 남산5길4 (용산동)
충주이든헤어살롱,NULL,서비스업,"충주시 금봉4길 7-1, 201호 (용산동)"
크로스핏넘버원,437243535,서비스,"충청북도 충주시 형설로 90, 103호 (용산동)"
크린위드,043-855-77932,서비스업,"충주시 금봉9길 3, 105호 (용산동)"
토즈스터티센터용산독서실,043-857-0702,서비스업,"충주시 남산로 73, 3층 (용산동)"
투앤티뷰티,NULL,서비스업,충주시 금봉5길 11 (용산동)
파티플래너,NULL,서비스업," 충주시 용정4길 18, 1층 라붐파티하우스 (용산동)"
패밀리헤어샵,043-852-5313,서비스업,충주시 남산로 116 (용산동)
플라워지니,NULL,도소매,충주시 용산로 21 (용산동)
플랙스짐,NULL,서비스업,"충주시 형설로 62-13,5층 (용산동)"
하온헤어,010-5904-4184,서비스업,"충주시 용정8길17, 102호 (용산동)"
한길메디컬의원,043-845-3375,보건업,"충주시 남산로 103, 201호 (용산동)"
행복한치과의원,NULL,보건업,"충주시 염밭로 91,상가203호(용산동)"
향기나는치과,043-855-2875,보건업,충주시 남산로 83 (용산동)
헤세드헤어,070-7858-7991,서비스업,충주시 용산로 18-1 (용산동)
헤어숲,043-852-2791,서비스업, 충주시 금봉9길 3 1층 (용산동)
SK종합상사,043-857-0945,도소매,충주시 주덕읍 신앙로 155 1층
농업회사법인주식회사 참송고,NULL,농업,"충주시 주덕읍 당우리길 413-66, 10동(주덕읍)"
눈꽃,NULL,서비스,충주시 주덕읍 신양로 102
대광기획,043-845-5772,서비스업,충주시 주덕읍 신덕로 1368
리피아노,043-846-4144,서비스업,충주시 주덕읍 신양로 109
문화오토바이센타,043-848-9069,서비스,충주시 주덕읍 주덕4길 10
부일식당,NULL,음식,충주시 주덕읍 신양리 229-19
불로건강원,043-845-5552,즉석판매제조가공업,충주시 주덕읍 주덕2길 16 (주덕읍)
서울에스치과의원,043-845-2875,보건업,충청북도 충주시 주덕읍 신양로 123 1층 (주덕읍)
수정식당,NULL,음식,충주시 주덕읍 주덕2길 11
신대명가든,043-851-5290,음식,충주시 주덕읍 신양로 53
연세중앙의원,043-848-5974,보건업,충주시 주덕읍 신양로 121-1
연주미용실,043-846-0002,서비스업,충주시 주덕읍 시장길 12-1
연합의원,043-846-1230,보건업,충주시 주덕읍 신양로 128
영신농기계수리점,NULL,서비스업,충주시 주덕읍 충청대로 2149-7
용궁미용실,043-846-7347,서비스업,충주시 주덕읍 시장길 11 
우드앤홈,438579947,도소매,충청북도 충주시 주덕읍 충청대로 2463 (주덕읍)
우성사료신충주특약점,043-851-1174,도소매,충주시 주덕읍 신덕로 1360
이불할인매장,NULL,소매,충주시 주덕읍 시장길 13-1
이편한치과의원,043-847-7528,의료,충주시 주덕읍 신양로 119
㈜그린,043-723-1322,농업,충주시 주덕읍 신덕로 1171
주덕뉴당구클럽,NULL,서비스,충주시 주덕읍 신양로 95-1
주덕밧데리,043-846-9501,서비스업,충주시 주덕읍 충청대로 2560 
주덕성모의원,043-845-0804,의료서비스,충주시 주덕읍 신양로 120 (주덕읍)
주덕양평해장국,043-845-8520,음식,충주시 주덕읍 산양2길 20
주덕종합상사,NULL,서비스업,충주시 주덕읍 신덕로 1380
주덕주유소,043-846-2304,소매,충주시 신양로 149
주덕치과의원,043-846-0505,의료서비스,충주시 주덕 신덕로 1358 (주덕읍)
주덕화원,043-846-4175,소매,충주시 주덕읍 신양로 90-1
주옥당,NULL,소매,충주시 주덕읍 신덕로 1380
중원카인테리어,043-846-1448,서비스업,충주시 주덕읍 주덕3길 17
중원타이어,043-848-7486,서비스업,충주시 주덕읍 충청대로 2560 
창조미술학원,043-856-0905,서비스업,충주시 주덕읍 시장길 19 
청담학원,043-845-1003,서비스업,충주시 주덕읍 주덕2길 9
킹스데일주식회사,043-870-4154,서비스업,충주시 주덕읍 기업도시3로 2
태정식당,043-852-7101,음식점,충주시 주덕읍 신덕로 1372-1
한양농자재,043-846-4787,소매,충주시 주덕읍 주덕1길 4
헤어코디,043-846-2558,서비스,"충주시 주덕읍 신덕로 1391,1층"
현대카공업사,043-852-5853,서비스업,충주시 주덕읍 신양로 39
화신닭집,043-846-5460,일반음식,충주시 주덕읍 신덕로 1372
효성스즈끼대리점,043-848-0784,도매,충주시 주덕읍 신양로 78
153복싱점서충주점,NULL,서비스업," 충주시 중앙탑면 원앙길 8-13,  501호"
2nd table(세컨드테이블),043-845-5155,음식,"충주시 중앙탑면 원앙길 8-7, 201호"
감각을더하다,586-40-00738,서비스업,"충청북도 충주시 중앙탑면 원앙9길 10, A동 105호"
굿라이프필라테스PT,043-846-1114,서비스,"충주시 중앙탑면 원앙길 8-14, 601~603호"
김순희피아노개인과외,NULL,서비스업,"충주시 중앙탑면 원앙4길51, 110동202호 (충주시티자이)"
김화자본가 서충주점,043-847-5848,음식,충주시 중앙탑면 원앙4길 21
꼬끼나와치킨서충주점,043-851-5000,음식,충주시 중앙탑면 원앙4길 51 (충주시티자이아파트)
꼬넬네일,043-855-9327,서비스업,"충주시 중앙탑면 원앙9길 15, 2동1층 1212호"
네일의온도,043-857-1201,서비스업,"충주시 중앙탑면 원앙9길 15, 108호"
눈썹하임,010-9270-6002,서비스업,"충주시 중앙탑면 기업도시로 189,120동206호 (미진이지비아)"
다온피아노교습소,010-9425-4232,서비스업,충주시 중앙탑면 원앙9길 15
달라짐,NULL,서비스업,"충주시 중앙탑면 원앙길 15, 3층"
더진헤어,043-848-8177,서비스업,"충주시 중앙탑면 원앙9길 15, A-2동 110호"
도축장인서충주점,043-851-5131,일반음식,"충주시 중앙탑면 원앙길9, 1층(중앙탑면)"
등촌샤브칼국수(충주점),438485578,음식점,"충청북도 충주시 중앙탑면 원앙길 8-13, 2층 202호 (중앙탑면)"
디테일링,NULL,서비스업,"충주시 중앙탑면 원앙5길 35, 1층"
라라갈비,043-842-3210,음식,충주시 중앙탑면 원앙길 8-7
라비앙로즈헤어살롱,010-2721-2856,서비스업,"충주시 중앙탑면 원앙길8-9, 202호"
리틀비틀서충주신도시점,043-846-7577,서비스업,"충주시 중앙탑면 원앙길 8-9, 502호 (비젼타워)"
마루한태권도,010-7928-7006,서비스업,"충주시 중앙탑면 원앙5길 36, 4층 "
만수정가든,043-855-8918,음식,충주시 중앙탑면 인담길 7
머리조심,043-857-5352,서비스업,"충주시 중앙탑면 원앙9길 15, A-2동 116호"
머리하고싶은날,010-3660-4526,서비스업,"충주시 중앙탑면 원앙9길 15,  111호"
뭉치포차,043-853-1763,음시점업,"충주시 중앙탑면 원앙길 8-9, 1층 103호"
미러미러,043-852-7702,서비스업,"충주시 중앙탑면 원앙길 8-13, 201호 (스타프라자)"
미앤유헤어,438550515,서비스,"충청북도 충주시 중앙탑면 기업도시로 189,120동 1층 103호 (중앙탑면)"
백마(서충주1호점),043-854-3320,서비스업, 충주시 중앙탑면 원앙9길 15 
백마클리닝서충주신도시1호점,043-854-3320,서비스업,"충주시 중앙탑면 원앙9길 15, A1동 122호"
세계술문화박물관,043-855-7333,서비스업,충주시 중앙탑면 탑정안길 12
센트럴치과의원,043-910-2828,보건업,"충주시 중앙탑면 기업도시로 214, 303호"
셀파시티자이교실,NULL,서비스업,"충주시 중앙탑면 원앙4길51, 120동 603호 (충주시티자이)"
손길헤어,043-855-1202,서비스업,"충주시 중앙탑면 원앙4길 51, 상가동 201호"
수학의달인 시티자이점,010-8224-6006,서비스업,"충주시 중앙탑면 원앙4길 51, 109동305호 (충주시티자이) "
시트린,NULL,서비스업,"충주시 중앙탑면 원앙4길 21, 402호"
시티워시,NULL,서비스업,충주시 중앙탑면 원앙8길 23
신영헤어,043-857-9255,서비스업,"충주시 중앙탑면 원앙4길51, 제상가1동 108호 (충주시티자이)"
써니쌤영어,010-4158-2506,서비스업,"충주시 중앙탑면 원앙4길 96, 105동 1505호"
아라영어,010-9577-2311,서비스업,"충주시 중앙탑면 원앙4길 51, 1001호"
아름다움에미친헤어,043-848-9970,서비스업,충주시 중앙탑면 원양4길 21
에프(F)필아트미술,010-8946-9924,서비스업,"충주시 중앙탑면 원앙4길 35, 2층 201호"
"오늘, 필라테스",1025051289,서비스업,충청북도 충주시 중앙탑면 원앙길 8-13 303호(중앙탑면)
오늘도네일,043-852-2291,서비스업,"충주시 중앙탑면 원앙길 8-13, 502호"
올탑스터디카페서충주점,010-8998-8901,서비스업,"충주시 중앙탑면 원앙4길 21, 301호"
옷수선,NULL,서비스,"충주시 중앙탑면 원앙9길 15, 104-102"
우리농산물,NULL,농업,충주시 중앙탑면 칠곡길 68-86
원당구클럽,043-852-3949,서비스업,"충주시 중앙탑면 원앙길 8-9, 401호"
유니아이헤어스튜디오,043-852-7444,서비스업,"충주시 중앙탑면 원앙9길10,C동 103호 (서충주신도시코아루더테라스상가)"
잉글리쉬 아이,NULL,서비스업,"충주시 중앙탑면 원앙9길 15, 111동 202호"
장미헤어,NULL,서비스업,"충주시 중앙탑면 원앙4길96, 상가동1층 102호(신우희가로@상가)"
재단법인충주중원문화재단,043-850-0245,서비스업,충주시 중앙탑면 탑정안길 10
좋은자동차운전전문학원,043-856-8760,서비스업,충주시 중앙탑면 첨단산업로 1235
㈜천문우주기획 충주지점,043-842-3247,서비스,충주시 중앙탑면 묘곡내동길 100(고구려천체과학관)
중앙에스탑치과,043-856-7528,보건업,"충주시 중앙탑면 원앙길 8-14, 501호"
중앙탑농원,NULL,농업,충주시 중앙탑면 탄금대로 848-1
중앙휴게소,438454516,소매,충청북도 충주시 중앙탑면 청금로 294 (중앙탑면)
짠짜라노래연습장,438445858,서비스,"충청북도 충주시 중앙탑면 원앙5길 14, 1층 (중앙탑면)"
청소를부탁해,NULL,서비스업,"충주시 중앙탑면 기업도시로 189, 108동505호 (미진이지비아)"
코노몬스터코인노래연습장서충주신도시점,NULL,서비스업,"충주시 중앙탑면 원앙길 8-14, 103호 "
클린세탁소,043-845-0045,서비스업,"충주시 중앙탑면 원앙길 15, 101호 "
탑조은의원,043-848-3298,보건업,"중앙탑면 원앙9길 18-2, 201호"
토리헤어,NULL,서비스업,"충주시 중앙탑면 기업도시로 214, 204호"
포토스트리트충주점,NULL,서비스업,"충주시 중앙탑면 원앙9길 15,A-2동 102호 (이편한세상충주)"
하니영어,NULL,서비스업,"충주시 중앙탑면 원앙9길 15, 110동303호"
한결해동검도특공무술,043-855-4690,서비스업,"충주시 중앙탑면 원앙4길 23, 401호(마루신협)"
헤어살롱도도,043-848-7009,서비스업,"충주시 중앙탑면 원앙9길 15, 103호"
헤어살롱모두,NULL,서비스업,"충주시 중앙탑면 원앙9길 10, C동 106호"
혁신모터스,043-852-5258,서비스업,충주시 중앙탑면 탄금대로 753-33
황쌤영어,NULL,개인서비스업,"충주시 중앙탑면 원앙4길 51, 101동 202호 (자이아파트)"
흑룡합기도서충주,010-7134-9380,서비스업,"충주시 중앙탑면 원앙4길 35, 해오름빌딩 501호"
1015 슈퍼,043-847-7144,소매,충주시 지곡10길 7 (지현동)
가위소리헤어,043-846-4612,서비스업,충주시 사직산 12길 65 (지현동)
강한학원,043-855-1011,서비스업,충주시 예성로 67 (지현동)
그린전기조명,043-854-5444,도소매,충청북도 충주시 사직로 168(지현동)
남양일오충주대리점앤농협우유풍주대리점,043-852-8310,도매업,충주시 지곡4길 31  (지현동)
대박삼겹살,043-846-8235,음식점,충주시 지곡5길 8 (지현동)
대영진보자동차공업사,043-844-0194,서비스업,충주시 지곡9길 8-1 (지현동)
더맑은피부,NULL,서비스업,충주시 지곡6길 26 (지현동)
더블제이뷰티,NULL,서비스,충주시 지곡6길 13 (지현동)
마니커점,043-847-3544,도매업,충주시 예성로 87 (지현동) 
마리헤어,043-857-4282,서비스업,충주시 지곡10길 5 (자현동)
머리깍쟁이,043-848-6072,서비스업,충주시 지곡11길 1 (지현동)
머리깎는날,010-7704-8808,서비스업,충주시 예성로 70 (지현동)
머리염색전문점(지현동),043-843-2191,서비스업,충주시 지곡6길 69(지현동)
미리내감자탕,043-855-9982,음식,충주시 지현천변2길 85(지현동)
미소스킨케어,043-846-5003,서비스업,충주시 남산로 22번지(지현동)
백민헤어클럽,043-847-8675,서비스업,충주시 지곡10길 32 (지현동)
붕붕종합카센타,043-847-7479,서비스업,충주시 사직로 162-2 (지현동)
삼거리세탁소,043-856-7027,서비스업,충주시 예성로 60 (지현동) 
새로운 세탁소,043-843-6009,서비스업 ,충주시 지곡10길 33(지현동)
새로운컴퓨터,NULL,서비스업,충주시 지곡 10길 33 (지현동)
성수이용원,NULL,서비스업,충주시 지현천변1길 13-2 (지현동)
스타일도도헤어,NULL,서비스,충주시 남산로 1-1 (지현동)
신일옷수선,043-847-4817,서비스업,"충주시 남산로 11, 101호 (지현동, 삼익캐슬)"
아바심리상담센터,NULL,서비스업,충주시 지곡6길 38-3 (지현동)
안나헤어,438545503,서비스,충청북도 충주시 지곡1길2(지현동)
압구정미용타운,043-844-6728,서비스업,충주시 지곡6길 44-3 (지현동)
에코레비헤어앤두피,043-847-5567,서비스업,"충주시 지곡10길 10, 201호 (지현동 현대@상가)"
열정아트연기학원,043-847-4050,서비스업,"충주시 지곡6길 69, 2층 (지현동)"
예쁜머리,043-851-9972,서비스업,충주시 남산로 11 (지현동)
우리노래연습장,NULL,서비스업,충주시 사직로 178 (지현동)
유주통닭,NULL,음식,"충주시 예성로 87, 1층 19호(지현동)"
은혜불고기,043-844-4840,음식,충주시 사직산 22길 14-5(지현동)
이불천국,NULL,소매,충주시 사직로 178 (지현동)
인디헤어,NULL,서비스업,"충주시 자기로 168-1, 1층 (지현동)"
장수정육점,NULL,소매,충주시 지곡10길 43
점프쑥쑥줄넘기클럽지현점,043-851-8533,서비스업,"충주시 지곡10길 24, 2층 (지현동)"
제일밧데리카쎈타,043-842-3384,서비스업,충주시 지현천변2길 53 (지현동)
종호밧데리,043-842-1566,서비스업,충주시 지현천변2길 39(지현동)
지현새마을금고,043-855-6700,금융,충주시 예성로 82 (지현동)
지현운동빨래방,043-845-5382,서비스업,충주시 예성로 67 (지현동)
커피로1번가,NULL,음식,"충주시 사직로 169-2,1층 (지현동) "
패러다임학원,NULL,서비스업,"충주시 지곡10길 13 (지현동,동궁빌딩2층)"
헤어닥터미용실,043-843-4550,서비스업,충주시 사직산8길 26 (지현동)
헤어랑,NULL,서비스업,충주시 예성로 42 (지현동)
호반당구클럽,NULL,서비스업,충주시 신촌16길20 (지현동)
호반세탁,043-845-6909,서비스업, 충주시 사직산8길 32 (지현동)
호암자동차공업사,043-852-0136,서비스업,충주시 예성로 58 (지현동)
힐스템미용실,NULL,서비스업,충주시 예성로 41 (지현동)
KB매직카봉방점,438461515,서비스,충청북도 충주시 애향로 36-1 (봉방동)
KPGA서동환골프아카데미,043-851-8598,서비스,충주시 충원대로 706 (금릉동)
간판나라,043-854-0631,제조,충주시 대가미3길 7 (칠금동)
강성주복싱칠금점,043-845-4113,서비스업,"충주시 칠금11길4, 3층 (칠금동,대웅빌딩)"
강승모내과의원,NULL,보건업,"충주시 계명대로 20, 4,5층 (칠금동,세종빌딩)"
개념원리지앤비학원,NULL,서비스업,"충주시 칠금중앙로 33, 3층 (칠금동)"
고릴라골프,043-845-2389,도소매,충주시 번영대로 67(금릉동)
공감문화예술센터,NULL,서비스업,"충주시 칠금8길 5-1, 1층 (칠금동)"
광운카공업사,043-854-3250,서비스업,충주시 탄금대로 274 (칠금동)
국원스크린골프,043-846-5050,서비스업,"충주시 칠금12길8, 3층 (칠금동)"
"국일키센타,게이트맨충주대리점",NULL,서비스업,충주시 금릉로 33 (칠금동)
권마스터광택전문점,043-857-0882,서비스업,충주시 팽고리산길 99 (금릉동)
귀족족욕카페,438511315,서비스업,"충청북도 충주시 금릉로 5, 107 상가동 101호 111호 (칠금동)"
그린캐슬스크린,043-842-0710,서비스업,충주시 팽고리산길 73 (금릉동)
그린캐슬스크린골프,043-842-0710,서비스업,충주시 팽고리산길 73 (금릉동)
금강독서실,043-854-4117,서비스업,충주시 계명대로 29 (칠금동)
금강사우나,043-854-4114,서비스업,충주시 계명대로 29 (칠금동)
금릉스크린CC,043-857-0753,서비스업,충주시 국원대로 278(금릉동)
금릉점 현대자동차,043-851-8787,서비스,충주시 국원대로 254 (금릉동)
김경아가정의학과의원,043-724-9600,보건업,충주시 봉계1길 54 (칠금동)
김도현의강남성형외과의원,043-854-0005,보건업,"충주시 봉계1길 62, 3층 (칠금동,탑빌딩)"
김박한의원,043-845-8275,의료서비스,충주시 봉계1길 54 (칠금동)
김보형이비인후과의원,043-848-5073,보건업,충주시 칠금12길 8 (칠금동)
김지형한의원,010-2587-7054,보건업,충주시 계명대로 24 (칠금동)
까까머리,043-848-5592,서비스업, 충주시 금릉로 46 (칠금동)
까치이노래연습장,043-856-8686,서비스업,충주시 번영대로 71 (금릉동)
까페헤어샵,043-852-3700,서비스업,"충주시 금릉로 45, 현대상가 201호 (칠금동)"
나래음악학원,043-845-6490,서비스업,충주시 칠금5길 18 (칠금동)
나비아이한의원,043-855-1258,의료서비스,충주시 계명대로 21 (칠금동)
네스트웨딩홀,043-847-1020,서비스업,충주시 국원대로 259 (금릉동)
네일바이쁨,010-3771-7910,서비스업,충주시 대가미7길 11 (칠금동) 1층
네일봉봉,043-853-0902,서비스업,충주시 칠금 17길 10 (칠금동)
노다지판넬,043-842-4873,도소매,충청북도 충주시 팽고리산길 96 (금릉동)
노리노리충주점,NULL,서비스업,"충주시 칠금중앙로 30, 상가동 201호 (칠금동,부영2차아파트)"
눈에미소안과,043-854-7555,보건업,"충주시 봉계1길52, 2층 (칠금동)"
뉴욕맨하탄실용음악학원,NULL,서비스업,충주시 계명대로 17 (칠금동)
늘푸른소아청소년과의원,NULL,보건업,충주시 계명대로 19 (칠금동)
다솜연합치과의원,043-842-2879,보건업,충주시 봉계1길 56 (칠금동)
대박헤어샵,043-854-8060,서비스,충주시 칠금9길 12 (칠금동)
대영측량설계공사,043-856-0056,서비스업,충주시 금제9길40 (금릉동)
대한공인중개사사무소,043-844-4985,서비스업,충주시 금릉로 65 (칠금동)
대한로봇진흥원 협동조합,NULL,서비스,충주시 번영대로 34 (칠금동)
대한로봇학원,NULL,서비스,충주시 번영대로 34 (칠금동)
더쿠헤어,NULL,서비스업,"충주시 금릉로 14, 상가동 203호 (칠금동)"
도시남녀헤어샵,043-844-3405,서비스업,충주시 금제6길 2 (금릉동)
동명한의원,043-857-7512,보건업,충주시 봉계1길 66(칠금동)
드림LNC/종합유통,043-843-2999,도소매,충주시 금제11길 5 (금릉동)
드림정보,438421160,도소매,충청북도 충주시 금제3길 8 (금릉동)
드림포토,043-842-4782,서비스업,충주시 봉계1길49 (칠금동)
떳다노래연습장,NULL,서비스업,"충주시 계명대로 30, 지하층 (칠금동)"
로얄당구장,043-846-3949,서비스업,"충주시 계명대로 29, 4층 (칠금동 금강빌딩)"
롯데리아 충주터미널점,043-847-6072,음식,충주시 봉계1길 49 (칠금동)
루카스학원,043-912-9963,서비스업,"충주시 번영대로 34, 3층 (칠금동)"
르노삼성자동차서비스코너금릉점,043-852-2959,서비스,충주시 번영대로 11(금릉동)
리헤어클럽,NULL,서비스업,충주시 금릉로 13 삼일아프트상가 106-111 (칠금동)
마스코트,NULL,소매,충청북도 충주시 탄금대로 219 (칠금동)
*,010-8283-2430,서비스업,"충주시 계명대로 24, 4층 (칠금동)"
머니노래연습장,043-843-5959,서비스업,충주시 금제7길 4-1 (금릉동)
머리하는날,043-842-5756,서비스업,충주시 금제5길2 (금릉동)
멋부리는날,043-848-1500,서비스,충청북도 충주시 칠금9길 4 1층(칠금동)
모도모아화장품,043-854-7704,소매,충주시 봉계1길 49 (칠금동)
미래연합의원,043-852-9119,보건업,충주시 계명대로 28 (칠금동)
미용실루아,043-842-3811,서비스업,충주시 칠금18길 31 (칠금동)
미유헤어샵,043-851-8879,서비스업,"충주시 칠금중앙4길 20,1층 (칠금동, 칠금공원)"
미헤어클리닉,043-844-0432,서비스업,충주시 칠금10길 14 (칠금동) 
민코스메틱(리포브),NULL,소매, 충주시 금제6길 2 (금릉동)
민현콜세탁크리닉 칠금점,043-852-9179,서비스업,충주시 대가미3길 11 (칠금동)
박동물병원,043-842-4579,서비스업,충주시 연수로 6-5 (금릉동)
박봉안내과의원,043-847-7575,보건업,"충주시 봉계!길 52, 2층 (칠금동)"
버르장머리,043-855-8505,서비스업,충주시 대가미7길 17(칠금동)
별별나눔에술심리센터,043-855-4376,서비스업,충주시 새말1길8 (칠금동)
병천황토방순대,043-856-4856,음식,충주시 금계5길 9-1 (금릉동)
보니또메이크업,NULL,서비스업,"충주시 번영대로 64, 2층 (금릉동)"
본피씨,010-3591-1253,서비스업,충주시 칠금15길 21 (칠금동)
봄치과,043-855-2080,의료,충주시 계명대로 20 (칠금동)
봉국당한의원,043-847-3781,보건업,충주시 번영대로 89 (금릉동)
부영이용원,043-848-8228,서비스업,"충주시 칠금중앙로 30, 1층 (칠금동)"
분홍사진관,043-846-6602,서비스업,충주시 시청로 14 (금릉동)
블록피아 칠금교육원,043-855-7753,서비스업,충주시 계명대로 33-1 (칠금동)
비비드헤어클럽,043-842-0004,서비스업,"충주시 계명대로 21, 2층 (칠금동)"
비인피아노학원,043-843-3467,서비스업,"충주시 금릉로 46, 205호 (칠금동)"
빈스인레더가죽공방,010-4806-7880,서비스업,충주시 칠금15길 13 (칠금동)
빨래터세탁소,043-847-8667,서비스업,충주시 금릉로 13 삼일상가 106 (칠금동)
사과나무치과의원,043-854-0528,서비스업,"충주시 계명대로 29, 2층 (칠금동)"
사임당순수머리염색전문점칠금점,NULL,서비스업,충주시 칠금12길 51 (칠금동)
삼성바른신경외과,043-857-8590,보건업,"충주시 계명대로 23, 2층 (칠금동)"
삼일공구볼트,438463109,도소매,충청북도 충주시 금봉대로 803 (금릉동)
삼정웨딩웨딩샵,043-847-6103,서비스업,충주시 계명대로 37 (칠금동)
상록진열장,NULL,도소매,충주시 금릉동 98-1
상아당구장,NULL,서비스업,"충주시 금제 9길 12, 3층 (금릉동)"
새충주.충주위생산업,NULL,서비스업,충주시 칠금13길 7 (칠금동)
샘여성산부인과,043-856-5539,보건업,"충주시 봉계1길 58, 5층 (칠금동)"
샛별세탁소,043-842-3037,서비스업,충주시 금릉로 41 (칠금동)
선건축사사무소,043-856-8456,서비스업,충주시 금제9길 40 (금릉동)
성호팜,NULL,서비스업,충주시 칠금동 445-20
세영해법영어교실,043-847-6558,교육서비스,"충주시 금릉로 35, 상가205호 (칠금동)"
세중세무회계사무소,438577227,서비스업,"충청북도 충주시 번영대로 10, 3층 (칠금동)"
세진피아노학원,NULL,서비스업,"충주시 칠금중앙로 30,상가 210호 (칠금동,부영2차상가)"
셀파우등생세영교실,NULL,서비스업,"충주시 금릉로 33, 102동204호 (칠금동,세영@)"
소망세탁,043-843-2461,서비스업,충주시 금릉로 5 (칠금동)
손송희헤어갤러리,043-848-2341,서비스업,"충주시 연수로7, 두진아파트상가 2층 12호(연수동)"
손수카케어,NULL,서비스업,"충주시 국원대로 214, 1층(금릉동)"
수산물할인마트,NULL,도매업,충주시 국원대로 226 (금릉동)
슈브153요가,NULL,서비스업,"충주시 금제 1길, 205,206호 (금릉동)"
슈즈쿨(운동화빨래방),010-9414-7906,서비스업,"충주시 칠금중앙로 30, 118호 (칠금동)"
슈퍼스타노래연습장,NULL,서비스업,"충주시 칠금 12길 29,1동 201호 (칠금동)"
스놉스터디,NULL,서비스업,"충주시 번영대로 93, 3층 (금릉동)"
스킬당구클럽,NULL,서비스업,충주시 칠금11길 4 (칠금동)
승리태권도교육관,043-843-9968,서비스업,"충주시 계명대로 33-1, 3층 (칠금동)"
시청로사진관,070-4145-8262,서비스업,충주시 시청로 11 (금릉동)
신영헤어샵,043-843-5585,서비스업,"충주시 칠금중앙로 30, 상가동 114호 (칠금동)"
쏘뷰티,NULL,서비스업,충주시 칠금9길 13 (칠금동)
쓰리쿠션,NULL,서비스업,"충주시 신립로 76, 3층 (칠금동)"
씨마트스크린실내골프,NULL,서비스업,"충주시 칠금15길 21, 지하1층 (칠금동)"
안기현이빈후과의원,043-843-8866,보건업,"충주시 계명대로 30 ,2층 (칠금동, 대현빌딩)"
애플리페어,010-8689-1991,서비스업,"충주시 칠금12길 23, 105호 (칠금동)"
약손한의원,043-854-6181,보건업,충주시 봉계1길 64 (칠금동)
양심자전거,043-855-2990,서비스업,충주시 남한강로 9 (칠금동)
양지자동차프라자,NULL,서비스업,충주시 국원대로 264 (금릉동)
어담,NULL,음식,충주시 칠금17길 4 (칠금동)
어혜준음악학원,043-843-4321,서비스업,충주시 칠금7길9 (칠금동)
에쉐르헤어,043-852-5020,서비스업,"충주시 봉계1길 49, 1층 (칠금동)  "
에이플러스스터디카페,NULL,서비스업,"충주시 칠금중앙로 33, 2층 (칠금동)"
에코마이닝에프앤비,070-8827-0000,도소매,"충청북도 충주시 금제10길 10, 1층(칠금금릉동)"
엘리트학원,043-847-8426,서비스업,충주시 칠금3길 6 (칠금동)
엘림헤어,043-855-7041,서비스업,충주시 금릉로 5 (칠금동)
엘브라이트,043-857-9531,서비스업,충주시 대가미4길 7 (칠금동)
엘헤어,043-855-0354,서비스,충주시 칠금중앙4길 11 (칠금동)
엠케어,043-855-5284,서비스업,충주시 칠금15길 27 (칠금동)
엠헤어,043-848-4490,서비스업,"충주시 금릉로 5, 106동 103호 (칠금동삼일아파트상가)"
예원피부관리,NULL,서비스업,충주시 칠금16길 5(칠금동)
오가네왕갈비생삼겹살,043-852-5599,음식,충주시 금제9길 28 (금릉동)
오라클파부과,043-845-6640,보건업,"충주시 봉계1길 66, 4층 (칠금동, 황금빌딩)"
오케이온진양골프,438470666,서비스,충청북도 충주시 팽고리산길 77-11 (금릉동)
오토라인,NULL,서비스업,충주시 금봉대로 842-7 (금릉동)
오토오아시스롯데마트충주점,043-845-5109,서비스업,충주시 봉계1길 49 (칠금동)  
온누리요양원,043-856-0005,보건업,"충주시 번영대로 89, 2층 (금릉동)"
올래국수,NULL,일반음식,충주시 칠금12길 8
외출준비미용실,043-848-1009,서비스업,충주시 금제1길 10 (금릉동)
용우동 충주터미널점,043-843-8811,일반음식,충주시 봉계1길 49 (칠금동)
우리독서실,NULL,서비스업,"충주시 계명대로 33, 3,4층 (칠금동)"
우리치과의원,043-846-7528,보건업,"충주시 계명대로 331, 2층 (칠금동)"
우진기업 주식회사,043-846-6262,도매업,충주시 응골 1길 29 (금릉동)
워시엔조이 셀프빨래방 충주칠금점,010-8675-2015,서비스업,"충주시 칠금15길 2, 1층 (칠금동)"
월드컵노래연습장,NULL,서비스업,충주시 연수로 6-8 (금릉동)
웨지(WEDGE)52,NULL,음식,충주시 탄금대안길 109-3 (칠금동)
유디치과,043-857-5577,서비스,충주시 봉계1길 50 (칠금동)
유디치과의원,NULL,보건업,"충주시 봉계1길 50, 3,4층 (칠금동)"
유성주방,043-910-3206,도소매,충주시 칠금14길 6 (칠금동)
유진카센타,043-843-4208,서비스업,충주시 탄금대로 268 (칠금동)
율헤어,NULL,서비스,"충주시 칠금6길 17-10,1층 (칠금동)"
이가자헤어비스,043-851-0523,서비스업,"충주시 봉계1길 60,2층 (칠금동)"
이모네감자탕,043-844-8899,음식,충주시 대가미6길 8 (칠금동)
이쁜머리,043-843-8887,서비스업,충주시 대가미7길 9 (칠금동)
이상표치과의원,043-843-3195,보건업,"충주시 계명대로 17, 4층 (칠금동,정암빌딩)"
이상희피아노교습소,NULL,서비스업,충주시 금릉로 17 (금릉동)
이엔지골프,043-846-0058,도소매,충주시 신립로 79(칠금동)
이즈프라이빗짐,043-852-1400,서비스업,"충주시 번영대로 83-1, 4층 (금릉동, 의성빌딩)"
인생닭강정,043-852-9005,음식,"충주시 칠금중앙로 30, 109호 (칠금동)"
인크리스헤어샵,043-857-1049,서비스업,"충주시 금릉로 48, 1층 104호 (칠금동 부영아파트상가)"
일진문구백화점,043-852-6339,도소매,충주시 시청로 12(금릉동)
임페리얼스크린골프,043-851-7577,서비스업,"충주시 칠금12길 7, 2층 (칠금동)"
임플란티아치과의원,NULL,서비스업,"충주시 봉계1길 62, 2층 (칠금동)"
잉글리쉬퀘스트교습소,070-7857-2505,서비스업,충청북도 충주시 금릉로 59 (칠금동)
잉글리시아이학원,043-857-3505,서비스업,"충주시 금릉로 13, 201호 (칠금동)"
자우비학원,043-845-0982,서비스업,"충주시 칠금6길 1, 1층(칠금동)"
작심충주칠금1독서실 & 작심충주칠금2독서실,NULL,서비스업," 충주시 칠금12길 37-1, 1층.3층 (칠금동) "
정연무 내과의원,043-857-6550,의료서비스,"충주시 계명대로 23, 4,5층 (칠금동)"
정우공인중개사,043-851-2091,서비스업,"충주시 칠금1길 5, 코오롱 동신A상가 101호"
정헤어샾,043-845-0047,서비스업,충주시 칠금중앙2길 15 (칠금동)
제이댄스스포츠아카데미,043-853-9382,서비스업,"충주시 번영대로 67, 4층(정현빌딩, 금릉동)"
㈜대광공업사,043-853-0011,서비스업,충주시 목행산단6로 15-10 (금릉동)
주립음악학원,043-848-2237,서비스,"충주시 금릉로 45, 상가202호 (칠금동)"
주식회사마음애사회복지서비스센터,NULL,서비스업,"충주시 국원대로 216, 4층 (금릉동)"
주식회사힐링투어롯데마트충주지점,NULL,사업시설관리업,"충주시 봉계1길 49, 3층 (칠금동)"
㈜아모레관광여행사,043-848-1231,서비스업,충주시 봉계1길 49 (칠금동)
중부축산주식회사 농업회사법인,043-853-7892,도매,충주시 칠금동 588
중앙서한의원,043-845-0468,보건업,충주시 계명대로 26 (칠금동)
중원스크린골프,NULL,서비스업,"충주시 칠금12길8, 2층 (칠금동)"
중원탁구장,043-856-1259,서비스,"충주시 번영대로 10, 2층 (칠금동)"
쥬라기댄스노래방,NULL,서비스업,충주시 신립로 74 (칠금동)
지캠프클래스충주칠금학원,043-844-0999,서비스업, 충주시 계명대로 32 (칠금동) 
진쌤교실,NULL,서비스업,"충주시 칠금중앙로 30, 208동 404호 (칠금동)"
진양골프연습장,043-842-0066,서비스업,충주시 팽고리산길 77-11 (금릉동) 
진영화원,043-855-4761,도소매,충주시 번영대로 17(금릉동)
징검다리언어심리센터,043-88-2224,서비스업,충주시 칠금중앙6길 6 (칠금동)
차사랑,043-855-7752,서비스업,충주시 번영대로 16 (칠금동)
천마루태권도예절관,043-855-5220,서비스,"충주시 금릉로 13, 106상가동 201(칠금동)"
청수사우나,043-847-1800,서비스업 ,충주시 대가미5길 18 (칠금동)
초심스터디카페충주칠금점,NULL,서비스업,"충주시 계명대로 32, 2층 (칠금동)"
초원세탁소,043-845-2916,서비스업,"충주시 금릉로 46,(칠금동,부영아파트상가)"
쵸이스,NULL,일반음식,충주시 신립로 80 (칠금동)
충북아동가족상담센터,070-7781-7755,서비스업,충주시 새말2길 9-2 (칠금동)
충주서울연세치과의원,043-910-8000,보건업,"충주시 계명대로25, 2층 (칠금동)"
충주스파렉스대중사우나,438446100,서비스,충청북도 충주시 번영대로 58 (칠금동)
충주시시설관리공단(금릉공영주차장),043-870-7815,서비스업,충주시 금릉동 730번지
충주시시설관리공단(칠금동공영주차장),043-870-7815,서비스업,충주시 봉계13길 5 (칠금동)
충주언어발달센터,043-846-0330,서비스업,충주시 칠금8길 5-1  (칠금동)
충주우리정형외과통증의학과,NULL,서비스업,충주시 칠금11길18 (칠금동)
충주유외과의원,043-911-6670,보건업,"충주시 계명대로 19, 2층 (칠금동,남영빌딩)"
충주전자담배백화점,NULL,도소매,충주시 연원로 3 (금릉동)
충주크로스핏대림셀프세차장,043-855-9675,서비스업,충주시 팽고리산길 77-2 (금릉동)
충주타임치과의원,043-844-2275,보건업,충주시 계명대로 35 (칠금동)
충주한의원,043-842-8900,의료서비스,충주시 번영대로 83-1 (금릉동)
치항고려외과,NULL,보건업,충주시 봉계1길 60 (칠금동)
칠금요양원,043-842-8501,보건업,충주시 대가미3길 9-1 (칠금동)
칠금운동화빨래방,043-851-8886,서비스업,"충주시 우륵로 26, 1층 (칠금동)"
카페거기,043-847-4600,음식,충주시 신립로 80(칠금동)
카페씨티홀,043-850-7360,음식,"충주시 으뜸로 21, 충주시청(금릉동)"
케이피지에이골프아카데미,043-855-9578,서비스업,충주시 팽고리산길 77-11 (금릉동) 
케이헤어,043-848-7377,서비스업,충주시 연수로 6-16 (금릉동)
코오롱동신세탁소,043-842-6385,서비스업,충주시 칠금1길 5 (칠금동 코오롱동신@상가)
쿠첸충주서비스,043-854-7552,서비스업,충주시 칠금중앙1길 4-6 (칠금동)
크레파스세탁소,043-852-9575,서비스업,충주시 금제5길 1 (금릉동)
크린업24(칠금점),NULL,서비스업,충주시 칠금중앙2길 17 (칠금동)
크린토피아충주칠금부영1차점,043-855-0027,서비스업,"충주시 금릉로 48, 상가동 103호 (칠금동)"
탄금장례식장,043-842-4444,서비스업,충주시 탄금대로 336(칠금동) 
탄금화원,NULL,도소매,충주시 칠지5길 24(칠금동)
태형유통,NULL,도매업,충주시 금제 11길 1 (금릉동)
토모토모헤어,043-852-9345,서비스업, 충주시 봉계1길 50 (칠금동)
튼튼태권도아카데미,043-852-7181,서비스(교육관련)업,"충주시 금릉로 48, 상가동 303호 (칠금동,부영아파트)"
티나댄스팩토리,070-8874-0005,서비스업,충주시 번영대로 77 (금릉동)
파크랜드(충주상설연수점),043-846-0035,서비스업,충주시 칠금15길 27(칠금동)
팝피씨방,475-35-00434,서비스업,"충청북도 충주시 봉계1길 56, 5층 (칠금동)"
풀향기궁중칼국수본점,043-853-0253,음식,충주시 탄금대로 278 (칠금동)
플라워단아,NULL,도소매,충주시 금릉동 150-4
피그렛,070-4064-3690,서비스업,"충주시 연수로 2-1, 2층 (금릉동)"
피씨맨,NULL,서비스," 충주시 칠금중앙6길 7,(칠금동)"
피앤피,043-857-1049,서비스업,"충주시 금릉로 48, 209호 (칠금동 부영아파트상가)"
하모니피아노학원,NULL,서비스업,"충주시 금릉로 13, 202호 (칠금동,삼일상가)"
하은어린이집,043-844-7767,서비스업,충주시 금제로 17 (금릉동)
하이지인학원,043-852-2323,서비스업,"충주시 칠금중앙로 30, 209호 (칠금동)"
한.컴 컴퓨터,043-848-3980,소매, 충주시 우륵로 6 (칠금동)
한솔영어교습소,NULL,서비스업,"충주시 칠금중앙로 30, 207호 (칠금동)"
한입충주점,NULL,음식,충주시 칠금중앙1길 19-1 (칠금동)
항장외과의원,043-845-0475,의료서비스,"충주시 국원대로 179, 4층 (금릉동)"
해피로피씨충북충주점,NULL,서비스업,"충주시 봉계1길 64, 4층 (금릉동)"
허리우드당구클럽,NULL,서비스업,"충주시 칠금중앙로 33 (칠금동,지하)"
"헤어,사월",NULL,서비스업,"충주시 칠금6길21, 1층 (칠금동)"
헤어마루,043-852-5829,서비스업,"충주시 계명대로 29, 2층 (칠금동)"
헤어샵 자름,NULL,서비스업,"충주시 금제7길 7-1, 1층 (금릉동)"
헤어존,043-853-4588,서비스업," 충주시 칠금중앙로 30, 109호 (칠금동)"
현대ubs,043-856-7119,소매,충주시 국원대로 251 (금릉동)
현대자동차충주서비스㈜,043-855-7000,서비스,충주시 목행산단6로 27 (금릉동)
현대헬스,043-853-6267,서비스업,충주시 계명대로 37 (칠금동)
혼마스크린골프,NULL,서비스업,충주시 번영대로 18 (칠금동)
홈세탁소,043-848-7679,서비스업,충주시 칠금14길 5-1 (칠금동)
황금옥,043-855-7855,음식,충주시 예성로 304(연수동)
효정에스테틱,NULL,서비스업,충주시 칠금18길 37 (칠금동)
휴게실PC방,NULL,서비스업,충주시 연수로 6-4 (금릉동)
희헤어샵,NULL,서비스업,충주시 대가미6길 12 (칠금동)
생각나무공부방,NULL,개인서비스업,"충청북도 충주시 호암수청1로 13, 109동 502호 (호암동) "
59쌀피자,043-855-5979,음식,"충주시 형설로 32, 101호 (호암동)"
강일체육관,1644-4338,서비스업,"충주시 호암토성2로3, 6층 (호암동, 선우프라자)"
광원정비공업사,043-844-7548,서비스업,충주시 예성로 19(호암동)
그루스터디 충주호암센터,010-9948-1713,서비스업,"충주시 형설로 48, 3층 (호암동)"
금강세탁소,043-842-6473,서비스업,충주시 예성로 24 (호암동)
남선생영어교습소,043-845-1073,서비스업,"충주시 형설로 32, 세영더조은상가 203호 (호암동,세영아파트더조은상가)"
네일23,1030353066,서비스업,"충청북도 충주시 호암토성2로 1 상가 A동 204호(호암동, 호암 힐데스하임)"
농업회사법인 햇빛농원 주식회사,043-847-0393,농업,충주시 상아배이길 9 (호암동)
뉴베스트병원,043-724-0303,보건업,충주시 사천개1길 2 (호암동)
뉴빗이랑가위랑헤어,043-848-5891,서비스업,충주시 예성로 11 (호암동)
다움,043-851-7887,서비스업,"충주시 호암대로 112-6, 1층 (호암동,유정빌)"
다하리,NULL,서비스업,"충주시 호암토성5길 14, 103호 (호암동)"
대림목욕탕,043-847-2859,서비스업,충주시 호암대로 131 (호암동)
대한태권도2관,NULL,서비스업,"충주시 형설로 50, 나동 2층 201호 (호암동)"
더나인아카데미,010-7419-2000,서비스업,"충주시 호암중앙2로 1, 1층 (호암동)"
더린헤어,NULL,서비스업,"충주시 호암수청1로 13, 상가 110호 (호암동)"
더예쁜머리,043-846-5005,서비스업,"충주시 호암수청2로 29, 204호 (호암동)"
더조은헤어,NULL,서비스업,"충주시 호암수청2로 56, 상가동 102호 (호암동)"
더휴헤어,NULL,서비스업,"충주시 호암토성2로 10, 1층 (호암동)"
도도헤어,043-855-8538,서비스,"충주시 호암토성2로 1, A동 206호 (호암동)"
두발자유,043-852-3356,서비스업,충주시 예성로 34 (호암동)
듀크영어학원,043-857-0096,서비스업,충주시 호암중앙1로 39 (호암동)
라앤헤어,043-855-3383,서비스업,"충주시 형설로 32 (호암동,세영더조은@상가 104호)"
라오르마,NULL,서비스업,"충주시 사천개로 40, 509호 (호암동)"
로얄자동차정비공업사,043-848-0969,서비스업,충주시 호암대로 75 (호암동)
룩스벨리댄스,NULL,서비스업,"충주시 호암대로 130, 3층 (호암동)"
맘스맘크린,010-9913-7804,서비스업,"충주시 신촌2길29, 104-401 (호암동)"
모스트산후조리원,043-855-8886,서비스업,"충주시 사천개1길 2, 7층,8층 (호암동)"
무지개헤어숍,NULL,서비스업,"충주시 호암중앙1로 51, 2층 (호암동)"
미나헤어샾,043-848-2356,서비스업,충주시 원호암4길 20 (호암동) 
미남미녀,010-5314-2822,서비스업,"충주시 호암수청2로 78, 208호 (호암동)"
미야필라테스,NULL,서비스업,"충주시 호암수청1로 51, 202호 (호암동)"
버디스크린골프,043-854-8888,서비스업,충주시 호암중앙1로 49 (호암동)
분식연구소,NULL,음식,충주시 호암대로 122 (호암동)
살롱드벨벳,043-845-2004,서비스업,"충주시 호암 토성 5길 10-2, 1층 103호(호암동)"
살롱드봄,043-857-8005,서비스업,"충주시 사천개1길 2, 202호 (호암동)"
새벽닭옛날통닭,043-854-9289,음식,"충청북도 충주시 호암토성2로 1, 지하1층 A-105호 (호암동, 호암 힐데스하임)"
성진컴퓨터세탁,043-855-8140,서비스업,충주시 호암중앙2로 31 (호암동)
세경세탁소,043-843-8425,서비스업,"충주시 신촌2길 6, 상가A동 204호 (호암동)"
세븐일레븐 충주호암점,043-852-0225,도소매,"충주시 호암중앙2로 32, 101호(호암동)"
세븐짐 2호점,NULL,서비스업,"충주시 사천개1길2, 305-309호 (호암동)"
소중한날엔,010-8846-3898,서비스업,충주시 원호암3길 7-7 (호암동)
수네일,0507-1315-7351,서비스업,충주시 호암중앙1로 14 1층 (호암동)
신통한의원,043-846-1233,보건업,"충주시 호암수청1로 13,105호 (호암동,우미린에듀시티)"
심스헤어,043-853-0552,서비스업,"충주시 호암중앙2로 30, 2층 (호암동)"
심쌤수학교실앤아이리더스쿨,NULL,서비스업,"충주시 호암수청2로 78, 109동801호 (호암동,호암두진하트리움아파트)"
썬샤인스크린골프장,043-853-0005,서비스업,"충주시 호암대로 131, 토우빌딩1층 (호암동)"
쓰리에이독서실,NULL,서비스업,"충주시 사천개로 40, 601호 (호암동)"
아마란스,NULL,서비스업,"충주시 호암토성2로 1, c동 303호 (호암동)"
아이센스리그PC방호암점,010-9319-3939,서비스업,"충주시 호암토성2로 3, 405~7호 (호암동)"
압구정노래연습장,NULL,서비스업,"충주시 호암수청1로 47, 4층 (호암동)"
어베인비커피(Urbanbee,NULL,음식, 충주시 상아배이길 18 (호암동)
언니네살롱,043-851-3200,서비스업,"충주시 호암수청1로 13, 1동 113호 (호암동)"
업클래스학원,043-848-6338,서비스업,"충주시 호암수청1로 55, 201호 (호암동)"
에이스크린골프연습장,043-845-2000,서비스업,충주시 용산천변길 4 (호암동)
엘트레헤어,043-855-6330,서비스업,"충주시 형설로 48, 201호 (호암동)"
엠학원,043-846-3036,서비스업,충주시 예성로 23 (호암동)
연세소울정신건강의학과의원,043-724-0501,보건업,"충주시 호암수청2로 15, 501호 (호암동)"
연세주니어상담센터,043-724-0502,서비스업,"충주시 호암수청2로 15, 502호 (호암동)"
영웅합기도장,043-846-4624,서비스업,충주시 호암대로 128 (호암동)
예플에스테틱,043-845-8825,서비스업,"충주시 호암수청2로29, 203호 (호암동)"
오가네김밥마을,NULL,서비스업,"충주시 호암수청1길5, 505호 (호암동)"
오대양 횟집 2호점,043-855-4200,일반음식,"충주시 호암수청 2로 29, 1층 109호(호암동)"
온스터디카페,438455387,서비스업,"충청북도 충주시 호암수청2로 25, 3층 301호 302호, 303호 (호암동)"
요가리움,NULL,서비스업,"충주시 호암수청 1길5, 504호(호암동, 호암빌딩)"
용인대 태후 태권도,043-848-9812,교육서비스,"충주시 호암토성2로 3, 505호 (호암동)"
용호문체육관,043-845-2496,서비스업,"충주시 호암대로 112-6, 2층 (호암동,유정빌)"
우리집부동산,043-854-9035,서비스업,충주시 호암토성5길 16 (호암동)
유빈헤어,NULL,서비스업,"충주시 원호암1길 31-6, 102호 (호암동)"
은재헤어룸,070-7543-9704,서비스업,"충주시 호암수청1로 55, 101호 (호암동)"
이기자헤어비스충주호암점,043-852-0523,서비스업,"충주시 호암수청1로 51, 203호 (호암동)"
이알씨영어독서클럽영어교습소,NULL,서비스업,"충주시 호암토성2로 1, B동 209호 (호암동)"
이주연 헤어샵,438522468,서비스,"충청북도 충주시 신촌2길 29 102호 (호암동, 현대호반아파트)"
이창희헤어컬렉션,043-857-8017,서비스업,충주시 예성로 24 (호암동)
작심스터디카페 충주호암점,043-848-2211,서비스업,"충주시 호암수청1길 5, 404호 (호암동)"
잭슨파이브충주주식회사,NULL,서비스업, 충주시 호암토성2로 7 (호암동)
제이짐,NULL,서비스업,"충주시 사천개로 40, 6층 (호암동)"
제이짐3호점,NULL,서비스업,"충주시 호암수청1로 55, 3층 (호암동)"
조선맥주호암점,043-845-9809,음식,"충주시 사천개로 40, 1층 114호,115호 (호암동)"
조윤식신경과,043-857-7582,보건업,"충주시 호암토성2로 7, 2층 (호암동)"
조이스킨앤아이브로,NULL,서비스업,"충주시 호암토성2로 1, 상가C동 204호 (호암동,힐데스하임)"
좋은손약손,438551050,도소매,"충청북도 충주시 형설로 35, 102호 (호암동)"
쥬얼리 헤어삽,043-844-8220,서비스업,"충주시 신촌2길 29 (호암동, 현대호반아파트상가) "
지니헤어샵,043-910-1255,서비스업,"충주시 호암토성2로 1, 상가C동 205호 (호암동,호암힐데스하임상가)"
진헤어,043-853-6887,서비스업,"충주시 호암수청1로 29, 상가동 101-2호 (호암동,LH힐스테이트호암)"
처갓집양념치킨호암점,438537001,음식,"충청북도 충주시 호암토성2로 3, 104호(호암동)"
청어람학원,043-845-8131,서비스업,충주시 예성로 39 (호암동)
초심스터디카페충주호암점,NULL,서비스업,"충주시 호암수청2로 29, 502,503호 (호암동)"
충주별산부인과,043-855-3582,보건업,"충주시 사천개1길2, 4층 (호암동)"
충주시설관리공단,043-870-7832,서비스업,"충주시 중원대로 3306 (호암동, 호암체육관)"
충주열린치과의원,043-843-7528,보건업,"충주시 연수서편 2길 203,204(호암동)"
충주타이어마트 (금호타이어호암점),043-855-8946,도소매,충주시 중원대로 3282 (호암동)
충주하나치과의원,043-845-7875,보건업,"충주시 호암수청2로 15, 301,302호 (호암동,유안빌딩)"
충주호암점독서논술리드인,NULL,서비스업,"충청북도 충주시 호암수청1로 13, 103동603호 (호암동)"
충청북도장애인종합복지관,043-856-1100,비영리법인,충주시 도장관주로 34-17 (호암동)
카페인티모,NULL,휴게음식,"충주시 호암수청2로 78 (호암동, 두진하트리움A)"
코인워시 365 충주호암점,NULL,서비스업,"충주시 호암토성5길 6, 상가 101호 (호암동)"
코인워시 충주예성여고점,NULL,서비스업,"충주시 호암토성5길6, 102호 (호암동)"
쿠팡노래연습장,NULL,서비스업,"충주시 호암중앙2로 15, 3층 (호암동)"
크로스핏WAY,NULL,서비스업,충주시 원호암4길 18 (호암동)
크리스탈헤어샵,010-7427-2025,서비스업,충주시 호암중앙2로 12 (호암동)
키작은아저씨스튜디오,043-851-3838,서비스업,충주시 형설로 5 (호암동)
탑개러지,043-856-7925,서비스업,"충주시 호암중앙1로 5, 호암리버빌상가1층 (호암동)"
포토스트리트충주호암점,NULL,서비스업,"충주시 호암토성2로 1, 제지하2층제씨103호 (호암동,호암힐데스하임)"
하준디테일링,043-844-2300,서비스업,충주시 호암중앙2로 8 (호암동)
한스헤어샵,NULL,서비스업,"충주시 호암수청2로 10, 114호 (호암동,지음프라자)"
한양슈퍼,NULL,소매,충주시 예성로 11 (호암동)
해법수학교습소,070-4106-2056,서비스업,"충주시 형설로 32,상가동 204호 (호암동, 세영더-조은아파트)"
해피그루밍,NULL,서비스업, 충주시 고든골길 62-1 가동 (직동)
헤라헤어,043-854-0342,서비스업,충주시 호암대로 124 (호암동)
헤어설렘,043-848-4415,서비스,"충주시 호암토성2로 10, 상가동 101호 (호암동)"
호암남부점 현대자동차,043-844-9300,서비스업,충주시 원호암4길 26 (호암동)
호암병원,NULL,보건업,충주시 예성로 16 (호암동)
호암세차장앤오일샵,043-855-3724,서비스업,충주시 형설로 24 (호암동)
호암왕천식당,NULL,음식,충주시 호암수청9길 8 (호암동)
호암이좋은치과,NULL,보건업,"충주시 호암수청1길5, 3층 (호암동)"
호재,070-4048-3303,서비스업,"충주시 호암토성2로3, 207호 (호암동,선우프라자)"
홈케어서비스,NULL,서비스,충주시 신촌2길 2 (호암동)
